entry_no,name,slug,type,roles,genres,years_active,real_name,born,raised,died,origin,neighborhoods,known_for,crew_or_label,born_in_jersey_city,notability,status,address,lat,lng,url,sources
001,DJ DX,dj-dx,person,DJ; Producer; Turntablist,,c. 1998 - present,,,,,,,,,,,doc-verified,,,,https://jerseycitysound.com/entry-dj-dx.html,
003,DJ Swill B,dj-swill-b,person,DJ; Producer,Jersey club; Hip-hop,2020–present,,,,,,,"Jersey club production, street rap collabs",,,,web-verified,,,,https://jerseycitysound.com/entry-dj-swill-b.html,Apple Music artist page <https://music.apple.com/us/artist/dj-swill-b/1502405735> | No Jumper: Mr. Chicken 'Never Could' feature <https://nojumper.com/blogs/news/mr-chicken-never-could-feat-dj-swill-b> | Shazam releases <https://www.shazam.com/artist/dj-swill-b/1502405735>
004,Wiztv,dj-wizard,person,DJ; Videographer; Documentarian; Blend tape producer; Director; Archivist,Jersey club; Blends,2006–present,John Freeman,,,,,,Jersey City DJ Documentary Vol. 1 (2006),,,,web-verified,,,,https://jerseycitysound.com/entry-dj-wizard.html,"The Jersey City DJ Documentary Vol. 1 (2006), WizTV upload <https://www.youtube.com/watch?v=uyX2waMUOJQ> | Preserved upload via The Real Mista Quietman channel <https://www.youtube.com/watch?v=ZDfRsT0CKeU> | Jersey Club Blends SoundCloud (""Dj Wizard aka WIZTV"") <https://soundcloud.com/jerseyclubblends> | DJ Sliink & WizTV blend <https://soundcloud.com/jerseyclubblends/dj-sliink-wiztv-not-gunna-get-us-blend-jersey-club> | WizTV Instagram (new documentary preview, 2026) <https://www.instagram.com/reel/DUjHFIHidCa/> | WizTV on Patreon <https://www.patreon.com/cw/Wiztv>"
005,Mista Quietman,mista-quietman,person,DJ; Remixer,Jersey club; Baltimore club; House,c. early 1990s – present,Antwan Anderson,,,,,,Carrying Baltimore / Brick City / Jersey club into Hudson County; scene preservation,Brick Bandits,,,web-verified,,,,https://jerseycitysound.com/entry-mista-quietman.html,"The 201 High School Anthem (SoundCloud) <https://soundcloud.com/mistaquietman/the-201-high-school-anthem> | Instagram @mistaquietman <https://www.instagram.com/mistaquietman/> | SoundCloud catalog <https://soundcloud.com/mistaquietman> | The Official Mista Quietman Channel — documentary upload (YouTube) <https://www.youtube.com/watch?v=ZDfRsT0CKeU> | Mista Quietman personal archive: tape covers and photographs, shared with The Jersey City Sound, 2026 (see galleries)"
006,DJ K (Killa K),dj-k,person,DJ,,,,,,,,,,,,,doc-verified,,,,https://jerseycitysound.com/entry-dj-k.html,"WizTV Presents: The Jersey City DJ Documentary Vol. 1 (2006) <https://www.youtube.com/watch?v=ZDfRsT0CKeU> | Oral history: DJ DX (Robert Van Liew), 2026"
007,DJ P Dub,dj-p-dub,person,DJ,,c. late 1990s–2000s,,,,,,,High-volume mixtape series with DJ DX (70+ tracks each),,,,doc-verified,,,,https://jerseycitysound.com/entry-dj-p-dub.html,"WizTV Presents: The Jersey City DJ Documentary Vol. 1 (2006) <https://www.youtube.com/watch?v=ZDfRsT0CKeU> | Oral history: DJ DX (Robert Van Liew), founder interview for The Jersey City Sound, 2026"
008,DJ J Nice,dj-j-nice,person,DJ,,,,,,,,,,,,,web-verified,,,,https://jerseycitysound.com/entry-dj-j-nice.html,"DJ J Nice on Instagram (@officialjnice1) <https://www.instagram.com/officialjnice1/> | Identity clarification (DJ J Nice is not DJ Nyce), DJ DX (Robert Van Liew), The Jersey City Sound, 2026"
009,DJ BigTime,dj-bigtime,person,DJ; Producer,Hip-hop; Street mixtapes,c. 1990s–2006+,,,,,,,"Street mixtapes, distribution, mentoring DJ Dolo",,,,doc-verified,,,,https://jerseycitysound.com/entry-dj-bigtime.html,WizTV Presents: The Jersey City DJ Documentary Vol. 1 (2006) <https://www.youtube.com/watch?v=ZDfRsT0CKeU>
010,DJ Yadabee,dj-yadabee,person,DJ,,,Keneyada Thompson,,,,,,,,,,handle-provided,,,,https://jerseycitysound.com/entry-dj-yadabee.html,"Instagram @djyadabee_blends — community identification, The Jersey City Sound, 2026 <https://www.instagram.com/djyadabee_blends/>"
011,DJ Flash,dj-flash-jersey-city,person,DJ; Mixtape pioneer,Hip-hop; Blends,c. 1970s–present,Ronald Hamilton,,,,,,Originating Jersey City's mixtape scene; park jams; juggle battles,,,,doc-verified,,,,https://jerseycitysound.com/entry-dj-flash-jersey-city.html,WizTV Presents: The Jersey City DJ Documentary Vol. 1 (2006) <https://www.youtube.com/watch?v=ZDfRsT0CKeU>
012,DJ Infamous,dj-infamous-jersey-city,person,DJ,,,,,,,,,,,,,handle-provided,,,,https://jerseycitysound.com/entry-dj-infamous-jersey-city.html,"Instagram @inf_201 — community identification, The Jersey City Sound, 2026 <https://www.instagram.com/inf_201/>"
013,The Jersey City DJ Documentary Vol. 1 (2006),jersey-city-dj-documentary-2006,person,Documentary film,Scene document; Mixtape era,2006,,,,,,,,,,,web-verified,,,,https://jerseycitysound.com/entry-jersey-city-dj-documentary-2006.html,WizTV upload <https://www.youtube.com/watch?v=uyX2waMUOJQ> | The Real Mista Quietman upload <https://www.youtube.com/watch?v=ZDfRsT0CKeU>
014,Stan's Square Records,stans-square-records,venue,Record store; Venue; Label home,Acappella; Soul; Rhythm and blues; Mixtapes,1965–2018,,,,,,Journal Square,,,,,web-verified,,,,https://jerseycitysound.com/entry-stans-square-records.html,"Classic Urban Harmony — Mourning the Passing of Stan Krause, Acappella Icon, Record Store Owner, Producer, Label Owner (2016) <https://classicurbanharmony.net/2016/05/21/mourning-the-passing-of-stan-krause-acappella-icon-record-store-owner-producer-label-owner/> | Classic Urban Harmony — Catamount Records label history <https://classicurbanharmony.net/articles/record-labels-articles-and-discographies/catamount-records/> | Stan's Square Records — Facebook page, Jersey City NJ <https://www.facebook.com/p/Stan-s-square-records-100057195290393/>"
015,Mark Cee,mark-cee,person,DJ; Producer,Hip-hop; Mixtapes,c. 1990s–2000s,,,,,,,"MPC mentorship, ghost production, Double D crew",,,,doc-verified,,,,https://jerseycitysound.com/entry-mark-cee.html,WizTV Presents: The Jersey City DJ Documentary Vol. 1 (2006) <https://www.youtube.com/watch?v=ZDfRsT0CKeU>
016,DJ 007,dj-007,person,DJ,Hip-hop; Mixtapes,c. 1991 – present,Michael Williams,,,,,,,,,,doc-verified,,,,https://jerseycitysound.com/entry-dj-007.html,"WizTV Presents: The Jersey City DJ Documentary Vol. 1 (2006) <https://www.youtube.com/watch?v=ZDfRsT0CKeU> | Instagram @007_style201 — community identification, The Jersey City Sound, 2026 <https://www.instagram.com/007_style201/> | Chill Town J.C. Hip-Hop Documentary Film, dir. Champagne — YouTube <https://www.youtube.com/watch?v=ppgLMMQHDu8>"
017,DJ Mad Money,dj-mad-money,person,DJ,Hip-hop; Blends; Mixtapes,c. 1989–present,James Gadsden,,,,"Jersey City, New Jersey",,"Street Blends series (Phase 20, Phase 21)",,,,doc-verified,,,,https://jerseycitysound.com/entry-dj-mad-money.html,"WizTV Presents: The Jersey City DJ Documentary Vol. 1 (2006) <https://www.youtube.com/watch?v=ZDfRsT0CKeU> | Community identification (real name; one person across billings, confirmed by DJ DX, 2026)"
018,DJ E Double,dj-e-double,person,Legend DJ; Promoter; Producer,Hip-hop; Blends; Club,1995 – present,Eric Pinkney,,,,,,,,,,web-verified,,,,https://jerseycitysound.com/entry-dj-e-double.html,"DJ E-Dub DaGeneral — SoundCloud <https://soundcloud.com/djedubthegeneral> | WizTV Presents: The Jersey City DJ Documentary Vol. 1 (2006) <https://www.youtube.com/watch?v=ZDfRsT0CKeU> | Instagram @djedubdageneral — community identification, The Jersey City Sound, 2026 <https://www.instagram.com/djedubdageneral/> | Oral history: The Jersey City Sound, 2026 (Eric Pinkney; “Prince of Jersey”; founding of DpEnt., 1995) | Family history, The Jersey City Sound, 2026 | DJ E Double personal archive: tapes, photographs, and promo artifacts, shared with The Jersey City Sound, 2026 (see gallery)"
019,DJ Dolo,dj-dolo,person,DJ,Hip-hop; Mixtapes,c. 2000s,,,,,,,,Dangerous Minds,,,doc-verified,,,,https://jerseycitysound.com/entry-dj-dolo.html,WizTV Presents: The Jersey City DJ Documentary Vol. 1 (2006) <https://www.youtube.com/watch?v=ZDfRsT0CKeU>
020,X5,x5,person,DJ,Hip-hop; Mixtapes,c. 2000s,,,,,,,,HuF fam (with Monster A and Gooch),,,doc-verified,,,,https://jerseycitysound.com/entry-x5.html,WizTV Presents: The Jersey City DJ Documentary Vol. 1 (2006) <https://www.youtube.com/watch?v=ZDfRsT0CKeU>
021,Kamillion,chameleon-ka-million,person,Producer; DJ,Hip-hop; Mixtapes,c. 2000s–present,,,,,,,,Ful Real Entertainment,,national,doc-verified,,,,https://jerseycitysound.com/entry-chameleon-ka-million.html,"WizTV Presents: The Jersey City DJ Documentary Vol. 1 (2006) <https://www.youtube.com/watch?v=ZDfRsT0CKeU> | Instagram @mixedbykamillion — community identification, The Jersey City Sound, 2026 <https://www.instagram.com/mixedbykamillion/>"
022,Semaj da DJ,dj-semaj,person,DJ,Hip-hop; Mixtapes,c. 1998–present,,,,,,,,"DJ Evil, E Baby, Yoshi, Shady",,national,doc-verified,,,,https://jerseycitysound.com/entry-dj-semaj.html,"WizTV Presents: The Jersey City DJ Documentary Vol. 1 (2006) <https://www.youtube.com/watch?v=ZDfRsT0CKeU> | Instagram @semajdadj — community identification, The Jersey City Sound, 2026 <https://www.instagram.com/semajdadj/> | Artist biography, provided by Semaj da DJ, The Jersey City Sound, 2026"
023,DJ Madden,dj-madden,person,DJ; Producer; Recording artist,Hip-hop; Mixtapes,c. 2000s–present,Steve Garcia,,,,,,,,,,doc-verified,,,,https://jerseycitysound.com/entry-dj-madden.html,"WizTV Presents: The Jersey City DJ Documentary Vol. 1 (2006) <https://www.youtube.com/watch?v=ZDfRsT0CKeU> | Instagram @officialdjmadden — community identification, The Jersey City Sound, 2026 <https://www.instagram.com/officialdjmadden/> | Made From Scratch — DJ DX & DJ Madden, Apple Music <https://music.apple.com/us/album/made-from-scratch/id1037191135> | DJ DX artist profile, about.me/djdx (albums with DJ Madden) <https://about.me/djdx> | “1000 Reasons” and “Keeps Me Going” — DJ DX & DJ Madden (Apple Music; Spotify) | Mixtape cover art from the DJ Madden archive (Yahway Music) — The Jersey City Sound"
024,Benito,benito,person,DJ; Producer,Hip-hop; 201 style,c. 1995–2006+,,,,,,,201 style doubled drums; the Jersey City production signature,,,,doc-verified,,,,https://jerseycitysound.com/entry-benito.html,WizTV Presents: The Jersey City DJ Documentary Vol. 1 (2006) <https://www.youtube.com/watch?v=ZDfRsT0CKeU>
025,Joe Bananas,joe-bananas,person,DJ,Hip-hop; Chopped & screwed,c. 2000s,,,,,,,,"Bananas Entertainment, Chemical Records",,,doc-verified,,,,https://jerseycitysound.com/entry-joe-bananas.html,WizTV Presents: The Jersey City DJ Documentary Vol. 1 (2006) <https://www.youtube.com/watch?v=ZDfRsT0CKeU>
026,Blaze (Blaze-In-Arts),blaze-in-arts,person,Designer,Mixtape cover art,c. 2003–present,,,,,,,,,,,doc-verified,,,,https://jerseycitysound.com/entry-blaze-in-arts.html,WizTV Presents: The Jersey City DJ Documentary Vol. 1 (2006) <https://www.youtube.com/watch?v=ZDfRsT0CKeU>
027,DJ NEL E NEL,dj-nel-e-nel,person,DJ; Producer,Blends; Hip-hop,,Nelson Carty,,,,,,"Blends; production with Joe Budden, Ransom, PnB Rock, N.O.R.E.",,,,web-verified,,,,https://jerseycitysound.com/entry-dj-nel-e-nel.html,"DJ Nel E Nel — Bandcamp (blends catalog and production credits) <https://djnelenel.bandcamp.com/> | DJ NEL E NEL — blends mix (YouTube) <https://www.youtube.com/watch?v=Ck0u_tY5dWo> | DJ NEL E NEL — blends mix (YouTube) <https://www.youtube.com/watch?v=N2znVy9LBRE> | DJ Nel E Nel — Facebook <https://www.facebook.com/djnelenelblends/> | Instagram @nelenelblends <https://www.instagram.com/nelenelblends/> | Oral history: The Jersey City Sound, 2026 (Winter Blaze 2000; additional credits) | Chill Town J.C. Hip-Hop Documentary Film, dir. Champagne — YouTube <https://www.youtube.com/watch?v=ppgLMMQHDu8> | Community identification, The Jersey City Sound, 2026"
028,DJ DYCE,dj-dyce,person,DJ,Hip-hop; Mixtapes,,,,,,,,,,,,doc-verified,,,,https://jerseycitysound.com/entry-dj-dyce.html,"Instagram @djdyce201 — community identification, The Jersey City Sound, 2026 <https://www.instagram.com/djdyce201/> | WizTV Presents: The Jersey City DJ Documentary Vol. 1 (2006) <https://www.youtube.com/watch?v=ZDfRsT0CKeU> | Event flyers from the DJ Q (Da Topic) archive, 2000–2003 — The Jersey City Sound"
029,DJ Q,dj-q,person,DJ,Hip-hop; Mixtapes,c. late 1990s – 2000s,,,,,"Jersey City, New Jersey",,,,,,doc-verified,,,,https://jerseycitysound.com/entry-dj-q.html,"WizTV Presents: The Jersey City DJ Documentary Vol. 1 (2006) <https://www.youtube.com/watch?v=ZDfRsT0CKeU> | Instagram @da_topic_81 — community identification, The Jersey City Sound, 2026 <https://www.instagram.com/da_topic_81/> | Event flyers from the DJ Q (Da Topic) archive, 2000–2003 (Winter Blaze 2000; Laydown-N-Die Records ""Dream Team""; Summer Heatwave 2002; Rap Wars Round 2, 2003; Hipnotiq Thursdays; Stand Up Fridays; Summer Maddness 2002) — The Jersey City Sound"
030,DJ Walley Katt,dj-walley-katt,person,DJ,Hip-hop; Mixtapes,c. 2000s–present,,,,,,,,,,,doc-verified,,,,https://jerseycitysound.com/entry-dj-walley-katt.html,"WizTV Presents: The Jersey City DJ Documentary Vol. 1 (2006) <https://www.youtube.com/watch?v=ZDfRsT0CKeU> | Instagram @djwalleykatt — community identification, The Jersey City Sound, 2026 <https://www.instagram.com/djwalleykatt/>"
031,Strong Vic,strong-vic,person,DJ; Producer,Hip-hop; Mixtapes,,,,,,,,,,,,community-verified,,,,https://jerseycitysound.com/entry-strong-vic.html,"Instagram @strongvic201 — community identification, The Jersey City Sound, 2026 <https://www.instagram.com/strongvic201/>"
032,DJ Bam,dj-bam,person,DJ,,,,,,,,,,,,,handle-provided,,,,https://jerseycitysound.com/entry-dj-bam.html,"Instagram @djbam201 — community identification, The Jersey City Sound, 2026 <https://www.instagram.com/djbam201/>"
033,DJ Flamez,dj-flamez,person,DJ,Jersey club; Hip-hop,,,,,,"Jersey City, New Jersey",,,,,,web-verified,,,,https://jerseycitysound.com/entry-dj-flamez.html,"DJ Flamez — ReverbNation <https://www.reverbnation.com/djflamez7> | DJ Flamez (@therealdjflamez) — Audiomack <https://audiomack.com/therealdjflamez> | New Year's Eve 2017, Beer House Bloomfield — Bloomfield Center <http://www.bloomfieldcenter.com/pub/event/story/589>"
034,Juggs,juggs,person,DJ,,,,,,,,,,,,,handle-provided,,,,https://jerseycitysound.com/entry-juggs.html,"Instagram @juggs201 — community identification, The Jersey City Sound, 2026 <https://www.instagram.com/juggs201/>"
035,DJ J Dub,dj-j-dub,person,DJ,,,,,,,,,,,,,handle-provided,,,,https://jerseycitysound.com/entry-dj-j-dub.html,"Instagram @jdub2o1 — community identification, The Jersey City Sound, 2026 <https://www.instagram.com/jdub2o1/> | WizTV Presents: The Jersey City DJ Documentary Vol. 1 (2006) <https://www.youtube.com/watch?v=ZDfRsT0CKeU>"
036,Midnite The DJ,midnite-the-dj,person,DJ,Open format,,,,,,,,,,,,handle-provided,,,,https://jerseycitysound.com/entry-midnite-the-dj.html,Instagram @midnitethedj — profile and professional billing <https://www.instagram.com/midnitethedj/> | Official site — midnitethedj.com <https://www.midnitethedj.com/>
037,Joe Budden,joe-budden,person,Rapper; Podcast host,Hip-hop,c. 2001–present,,,,,,,,Slaughterhouse (Shady Records),,national,web-verified,,,,https://jerseycitysound.com/entry-joe-budden.html,"Wikipedia — Joe Budden <https://en.wikipedia.org/wiki/Joe_Budden> | Archive research: The Jersey City Sound, 2026 | Chill Town J.C. Hip-Hop Documentary Film, dir. Champagne — YouTube <https://www.youtube.com/watch?v=ppgLMMQHDu8> | Billboard chart history (Hot 100 / Billboard 200)"
038,Albee Al,albee-al,person,Rapper,Hip-hop,,,,,,,,Millions of streams; raw street rap,,,national,web-verified,,,,https://jerseycitysound.com/entry-albee-al.html,"Archive research: The Jersey City Sound, 2026 | Archive cross-reference: DJ Swill B entry — 'Choppa in the Backseat' credit (2024) | Family history, The Jersey City Sound, 2026 | NJ.com — “5 years after murder acquittal, Jersey City rapper Albee Al charged in shooting” (2019) <https://www.nj.com/hudson/2019/09/5-years-after-murder-acquittal-jersey-city-rapper-albee-al-charged-in-shooting.html>"
039,Ransom,ransom,person,Rapper,Hip-hop,c. late 1990s–present,Randy Nicholls,,,,,,,,,national,community-verified,,,,https://jerseycitysound.com/entry-ransom.html,"AllMusic — Ransom biography <https://www.allmusic.com/artist/ransom-mn0001920235> | Archive research: The Jersey City Sound, 2026 | Industry and community documentation, The Jersey City Sound, 2026"
040,Hitchcock,hitchcock,person,Rapper,Hip-hop,c. late 1990s–present,,,,,,,,,,,community-verified,,,,https://jerseycitysound.com/entry-hitchcock.html,"AllMusic — Ransom biography (A-Team) <https://www.allmusic.com/artist/ransom-mn0001920235> | Archive research: The Jersey City Sound, 2026 | Industry and community documentation, The Jersey City Sound, 2026"
041,Kenny Kenn,kenny-kenn,person,Videographer; Platform builder,Hip-hop,,,,,,,,Unsigned Hype DVD; Promise Me Tomorrow documentary,,,,community-verified,,,,https://jerseycitysound.com/entry-kenny-kenn.html,"Archive research: The Jersey City Sound, 2026 | Community tributes comments (2026); confirmed by archive, 2026"
042,Riggamortis,rigga-mortis,person,Rapper,Hip-hop,,James Hamilton,,,,,,"Freestyle mastery, punchlines, lyricism",,,,community-verified,,,,https://jerseycitysound.com/entry-rigga-mortis.html,"Archive research: The Jersey City Sound, 2026 | Community tributes comments (2026); confirmed by archive, 2026 | Riggamortis Freestyle (Jigga Ho) in Jersey City, YouTube <https://www.youtube.com/watch?v=qu5u83IHArA> | Riggamortis, The Greatest That Ever Did It!, Kenny Kenn channel, YouTube <https://www.youtube.com/watch?v=Lqg0wF4TYXE> | Tribute reel, Instagram <https://www.instagram.com/reels/DITzzzPRFGU/> | Family account (real name, billing), given to this archive, 2026"
043,Revenue Wrong,revenue-wrong,person,Rapper,Hip-hop,,,,,,,,,,,,community-verified,,,,https://jerseycitysound.com/entry-revenue-wrong.html,"Archive research: The Jersey City Sound, 2026 | Community tributes comments (2026); confirmed by archive, 2026"
044,Harold Adamson,harold-adamson,person,Musician,,,,"December 10, 1906, Greenville, New Jersey","Brooklyn, New York","August 17, 1980","Jersey City, New Jersey",Greenville,,,true,national,web-verified,,,,https://jerseycitysound.com/entry-harold-adamson.html,"Wikipedia — Harold Adamson <https://en.wikipedia.org/wiki/Harold_Adamson> | Archive research: The Jersey City Sound, 2026"
045,"Robert ""Kool"" Bell",robert-kool-bell,person,Musician,Funk; Soul; R&B; Disco,,,,,,,,,"Kool & the Gang (co-founder, 1964)",,national,web-verified,,,,https://jerseycitysound.com/entry-robert-kool-bell.html,"Wikipedia — Robert ""Kool"" Bell <https://en.wikipedia.org/wiki/Robert_""Kool""_Bell> | Archive research: The Jersey City Sound, 2026"
046,Wally Brandt,wally-brandt,person,Musician,Rock; Pop; Country,,,,,,,,,,,national,web-verified,,,,https://jerseycitysound.com/entry-wally-brandt.html,"Wikipedia — Wally Brandt <https://en.wikipedia.org/wiki/Wally_Brandt> | Archive research: The Jersey City Sound, 2026"
047,George Brown,george-brown,person,Musician,Jazz; Funk; Soul; R&B,,,"January 15, 1949, Jersey City, New Jersey",,"November 17, 2023",,,,Kool & the Gang (co-founder),true,national,web-verified,,,,https://jerseycitysound.com/entry-george-brown.html,"Wikipedia — George Brown <https://en.wikipedia.org/wiki/George_Brown_(musician)> | Archive research: The Jersey City Sound, 2026 | Attrell Cordes, Wikipedia <https://en.wikipedia.org/wiki/Attrell_Cordes>"
048,Brute Force,brute-force,person,Musician,,,Stephen Friedland,"September 29, 1940, Jersey City, New Jersey",,,,,"King of Fuh (Apple Records, 1969); The Tokens collaborations",Apple Records,true,national,web-verified,,,,https://jerseycitysound.com/entry-brute-force.html,"Wikipedia — Brute Force <https://en.wikipedia.org/wiki/Brute_Force_(musician)> | Archive research: The Jersey City Sound, 2026"
049,Al Caiola,al-caiola,person,Musician,Jazz; Rock; Pop; Country,,,"September 7, 1920, Jersey City, New Jersey",,"November 9, 2016",,,,,true,national,web-verified,,,,https://jerseycitysound.com/entry-al-caiola.html,"Wikipedia — Al Caiola <https://en.wikipedia.org/wiki/Al_Caiola> | Archive research: The Jersey City Sound, 2026 | Billboard chart history (Hot 100 / Billboard 200)"
050,Thomas Vincent Cator,thomas-vincent-cator,person,Musician,Disco,,,"March 23, 1888, Jersey City, New Jersey",,"April 9, 1931",,,Aura-modal scale system,,true,national,web-verified,,,,https://jerseycitysound.com/entry-thomas-vincent-cator.html,"Wikipedia — Thomas Vincent Cator <https://en.wikipedia.org/wiki/Thomas_Vincent_Cator> | Archive research: The Jersey City Sound, 2026"
051,Don Ciccone,don-ciccone,person,Musician,Pop,,,"February 28, 1946, Jersey City, New Jersey","Plainfield, New Jersey, from age five",,"Jersey City, New Jersey",,,,true,national,web-verified,,,,https://jerseycitysound.com/entry-don-ciccone.html,"Wikipedia — Don Ciccone <https://en.wikipedia.org/wiki/Don_Ciccone> | Archive research: The Jersey City Sound, 2026"
052,Anthony J. Cirone,anthony-j-cirone,person,Musician,,,,"November 8, 1941, Jersey City, New Jersey",,,,,,,true,national,web-verified,,,,https://jerseycitysound.com/entry-anthony-j-cirone.html,"Wikipedia — Anthony J. Cirone <https://en.wikipedia.org/wiki/Anthony_J._Cirone> | Archive research: The Jersey City Sound, 2026"
053,Cy Coben,cy-coben,person,Musician,Country,,,"April 4, 1919, Jersey City, New Jersey",,"May 26, 2006",,,,,true,national,web-verified,,,,https://jerseycitysound.com/entry-cy-coben.html,"Wikipedia — Cy Coben <https://en.wikipedia.org/wiki/Cy_Coben> | Archive research: The Jersey City Sound, 2026"
054,Dino Danelli,dino-danelli,person,Musician,Rock,,,"July 23, 1944",,"December 15, 2022","Jersey City, New Jersey",,,The Young Rascals,true,national,web-verified,,,,https://jerseycitysound.com/entry-dino-danelli.html,"Wikipedia — Dino Danelli <https://en.wikipedia.org/wiki/Dino_Danelli> | Archive research: The Jersey City Sound, 2026"
055,Leonard De Paur,leonard-de-paur,person,Musician,,,,"November 18, 1914, Jersey City, New Jersey",,"November 7, 1998",,,De Paur Infantry Chorus; Lincoln Center arts administration,,true,national,web-verified,,,,https://jerseycitysound.com/entry-leonard-de-paur.html,"Wikipedia — Leonard De Paur <https://en.wikipedia.org/wiki/Leonard_De_Paur> | Archive research: The Jersey City Sound, 2026"
056,Al Di Meola,al-di-meola,person,Musician,Jazz,,,"July 22, 1954, Jersey City, New Jersey","Bergenfield, New Jersey",,"Jersey City, New Jersey",,,,true,national,web-verified,,,,https://jerseycitysound.com/entry-al-di-meola.html,"Wikipedia — Al Di Meola <https://en.wikipedia.org/wiki/Al_Di_Meola> | Archive research: The Jersey City Sound, 2026 | Billboard chart history (Hot 100 / Billboard 200)"
057,Charlie Dixon,charlie-dixon,person,Musician,Jazz,,,"December 31, 1898, Jersey City, New Jersey",,"December 6, 1940, New York City",,,,Columbia Records,true,national,web-verified,,,,https://jerseycitysound.com/entry-charlie-dixon.html,"Wikipedia — Charlie Dixon <https://en.wikipedia.org/wiki/Charlie_Dixon_(musician)> | Archive research: The Jersey City Sound, 2026"
058,The Duprees,the-duprees,person,Musician,,,,,,,,,,,,national,web-verified,,,,https://jerseycitysound.com/entry-the-duprees.html,"Wikipedia — The Duprees <https://en.wikipedia.org/wiki/The_Duprees> | Archive research: The Jersey City Sound, 2026 | Billboard chart history (Hot 100 / Billboard 200)"
059,Norman Edge,norman-edge,person,Musician,Jazz,,,"April 29, 1934, Jersey City, New Jersey",,"June 4, 2018",,,,,true,national,web-verified,,,,https://jerseycitysound.com/entry-norman-edge.html,"Wikipedia — Norman Edge <https://en.wikipedia.org/wiki/Norman_Edge> | Archive research: The Jersey City Sound, 2026"
060,Luke Elliot,luke-elliot,person,Musician,,,,"June 30, 1984",,,,,,,,national,web-verified,,,,https://jerseycitysound.com/entry-luke-elliot.html,"Wikipedia — Luke Elliot <https://en.wikipedia.org/wiki/Luke_Elliot> | Archive research: The Jersey City Sound, 2026"
061,Beth Fowler,beth-fowler,person,Musician,,,,,,,,,Orange Is the New Black (Sister Ingalls); Broadway career,,true,national,web-verified,,,,https://jerseycitysound.com/entry-beth-fowler.html,"Wikipedia — Beth Fowler <https://en.wikipedia.org/wiki/Beth_Fowler> | Archive research: The Jersey City Sound, 2026"
062,Jack Frost,jack-frost,person,Musician,Metal,,,"Jersey City, New Jersey",,,"Jersey City, New Jersey",,,,true,national,web-verified,,,,https://jerseycitysound.com/entry-jack-frost.html,"Wikipedia — Jack Frost <https://en.wikipedia.org/wiki/Jack_Frost_(musician)> | Archive research: The Jersey City Sound, 2026"
063,Tia Fuller,tia-fuller,person,Musician,Jazz; Soul,,,"March 27, 1976",,,,,Beyonce touring band; Pixar's Soul (2020),,,national,web-verified,,,,https://jerseycitysound.com/entry-tia-fuller.html,"Wikipedia — Tia Fuller <https://en.wikipedia.org/wiki/Tia_Fuller> | Archive research: The Jersey City Sound, 2026"
064,Heather B. Gardner,heather-b-gardner,person,Musician,Hip-hop,,,"November 13, 1970",,,,,"The Real World: New York (MTV, 1992); Boogie Down Productions",,,national,web-verified,,,,https://jerseycitysound.com/entry-heather-b-gardner.html,"Wikipedia — Heather B. Gardner <https://en.wikipedia.org/wiki/Heather_B._Gardner> | Archive research: The Jersey City Sound, 2026"
065,Maude Roberts George,maude-roberts-george,person,Musician,,,,"September 27, 1888, Jersey City, New Jersey",,,"Jersey City, New Jersey",,,,true,national,web-verified,,,,https://jerseycitysound.com/entry-maude-roberts-george.html,"Wikipedia — Maude Roberts George <https://en.wikipedia.org/wiki/Maude_Roberts_George> | Archive research: The Jersey City Sound, 2026"
066,William W. Gilchrist,william-w-gilchrist,person,Musician,,,,"January 8, 1846, Jersey City, New Jersey",,"December 20, 1916",,,,,true,national,web-verified,,,,https://jerseycitysound.com/entry-william-w-gilchrist.html,"Wikipedia — William W. Gilchrist <https://en.wikipedia.org/wiki/William_W._Gilchrist> | Archive research: The Jersey City Sound, 2026"
067,George Washington Gregory,george-washington-gregory,person,Musician,Classical,,,"February 15, 1867, Jersey City, New Jersey",,,"Jersey City, New Jersey",,,,true,national,web-verified,,,,https://jerseycitysound.com/entry-george-washington-gregory.html,"Wikipedia — George Washington Gregory <https://en.wikipedia.org/wiki/George_Washington_Gregory> | Archive research: The Jersey City Sound, 2026"
068,Jane Harvey,jane-harvey,person,Musician,Jazz,,,,,,,,,,true,national,web-verified,,,,https://jerseycitysound.com/entry-jane-harvey.html,"Wikipedia — Jane Harvey <https://en.wikipedia.org/wiki/Jane_Harvey> | Archive research: The Jersey City Sound, 2026"
069,Richie Havens,richie-havens,person,Musician,Soul; R&B; Blues; Folk,,,"January 21, 1941",,"April 22, 2013",,,Opening Woodstock 1969; Freedom,,,national,web-verified,,,,https://jerseycitysound.com/entry-richie-havens.html,"Wikipedia — Richie Havens <https://en.wikipedia.org/wiki/Richie_Havens> | Archive research: The Jersey City Sound, 2026"
070,Jerry Herman,jerry-herman,person,Musician,,,,"July 10, 1931, Jersey City, New Jersey",,"December 26, 2019",,,,,true,national,web-verified,,,,https://jerseycitysound.com/entry-jerry-herman.html,"Wikipedia — Jerry Herman <https://en.wikipedia.org/wiki/Jerry_Herman> | Archive research: The Jersey City Sound, 2026"
071,Andrew Hill,andrew-hill,person,Pianist,Jazz,,,,,,,,,,,national,web-verified,,,,https://jerseycitysound.com/entry-andrew-hill.html,"Wikipedia — Andrew Hill <https://en.wikipedia.org/wiki/Andrew_Hill_(pianist)> | Archive research: The Jersey City Sound, 2026"
072,Sonny Igoe,sonny-igoe,person,Musician,Jazz,,,"October 8, 1923, Jersey City, New Jersey","Ridgewood, New Jersey",,"Jersey City, New Jersey",,,,true,national,web-verified,,,,https://jerseycitysound.com/entry-sonny-igoe.html,"Wikipedia — Sonny Igoe <https://en.wikipedia.org/wiki/Sonny_Igoe> | Archive research: The Jersey City Sound, 2026"
073,Philip James,philip-james,person,Musician,,,,"May 17, 1890, Jersey City, New Jersey",,"November 1, 1975",,,,,true,national,web-verified,,,,https://jerseycitysound.com/entry-philip-james.html,"Wikipedia — Philip James <https://en.wikipedia.org/wiki/Philip_James> | Archive research: The Jersey City Sound, 2026"
074,Mimi Jones,mimi-jones,person,Musician,,,,"March 25, 1972",,,,,,Hot Tone Music (founder),,national,web-verified,,,,https://jerseycitysound.com/entry-mimi-jones.html,"Wikipedia — Mimi Jones <https://en.wikipedia.org/wiki/Mimi_Jones> | Archive research: The Jersey City Sound, 2026"
075,Vic Juris,vic-juris,person,Musician,Jazz,,,"September 26, 1953, Jersey City, New Jersey",,"December 31, 2019",,,,,true,national,web-verified,,,,https://jerseycitysound.com/entry-vic-juris.html,"Wikipedia — Vic Juris <https://en.wikipedia.org/wiki/Vic_Juris> | Archive research: The Jersey City Sound, 2026"
076,David Kikoski,david-kikoski,person,Musician,Jazz,,,"September 29, 1961",,,,,,,,national,web-verified,,,,https://jerseycitysound.com/entry-david-kikoski.html,"Wikipedia — David Kikoski <https://en.wikipedia.org/wiki/David_Kikoski> | Archive research: The Jersey City Sound, 2026"
077,Peter Lemongello,peter-lemongello,person,Musician,,,,"February 11, 1947, Jersey City, New Jersey",,,,,"Love '76 (self-financed double album, 1976)",,true,national,web-verified,,,,https://jerseycitysound.com/entry-peter-lemongello.html,"Wikipedia — Peter Lemongello <https://en.wikipedia.org/wiki/Peter_Lemongello> | Archive research: The Jersey City Sound, 2026"
078,Bob Lido,bob-lido,person,Musician,,,,"September 21, 1914, Jersey City, New Jersey",,"August 9, 2000",,,The Lawrence Welk Show (regular cast member),,true,national,web-verified,,,,https://jerseycitysound.com/entry-bob-lido.html,"Wikipedia — Bob Lido <https://en.wikipedia.org/wiki/Bob_Lido> | Archive research: The Jersey City Sound, 2026"
079,Jim Lord,jim-lord,person,Singer,Rock; Folk,,,"September 7, 1948",,,,,,,,national,web-verified,,,,https://jerseycitysound.com/entry-jim-lord.html,"Wikipedia — Jim Lord <https://en.wikipedia.org/wiki/Jim_Lord_(singer-songwriter)> | Archive research: The Jersey City Sound, 2026"
080,Jimmy Lyons,jimmy-lyons,person,Saxophonist,,,,"December 1, 1931, Jersey City, New Jersey (raised there until age nine)",,,"Jersey City, New Jersey",,,,true,national,web-verified,,,,https://jerseycitysound.com/entry-jimmy-lyons.html,"Wikipedia — Jimmy Lyons <https://en.wikipedia.org/wiki/Jimmy_Lyons_(saxophonist)> | Archive research: The Jersey City Sound, 2026"
081,Charlotte Maconda,charlotte-maconda,person,Musician,,,,"March 12, 1863, Jersey City, New Jersey",,"May 15, 1952",,,,,true,national,web-verified,,,,https://jerseycitysound.com/entry-charlotte-maconda.html,"Wikipedia — Charlotte Maconda <https://en.wikipedia.org/wiki/Charlotte_Maconda> | Archive research: The Jersey City Sound, 2026"
082,Rob Mazurek,rob-mazurek,person,Musician,,,,"July 8, 1965",,,,,,,,national,web-verified,,,,https://jerseycitysound.com/entry-rob-mazurek.html,"Wikipedia — Rob Mazurek <https://en.wikipedia.org/wiki/Rob_Mazurek> | Archive research: The Jersey City Sound, 2026"
083,Tris McCall,tris-mccall,person,Musician,Rock,,,,,,,,,,,national,web-verified,,,,https://jerseycitysound.com/entry-tris-mccall.html,"Wikipedia — Tris McCall <https://en.wikipedia.org/wiki/Tris_McCall> | Archive research: The Jersey City Sound, 2026"
084,Kit McClure,kit-mcclure,person,Musician,Jazz,,,,,,,,,,,national,web-verified,,,,https://jerseycitysound.com/entry-kit-mcclure.html,"Wikipedia — Kit McClure <https://en.wikipedia.org/wiki/Kit_McClure> | Archive research: The Jersey City Sound, 2026"
085,Marilyn McCoo,marilyn-mccoo,person,Musician,,,,"September 30, 1943",,,,,,The 5th Dimension,,national,web-verified,,,,https://jerseycitysound.com/entry-marilyn-mccoo.html,"Wikipedia — Marilyn McCoo <https://en.wikipedia.org/wiki/Marilyn_McCoo> | Archive research: The Jersey City Sound, 2026 | Billboard chart history (Hot 100 / Billboard 200)"
086,Kate Micucci,kate-micucci,person,Musician,Musical comedy,,,"Jersey City, New Jersey",,,"Jersey City, New Jersey",,,,true,national,web-verified,,,,https://jerseycitysound.com/entry-kate-micucci.html,"Wikipedia — Kate Micucci <https://en.wikipedia.org/wiki/Kate_Micucci> | Archive research: The Jersey City Sound, 2026"
087,Christina Milian,christina-milian,person,Musician,Hip-hop,,,"September 26, 1981, Jersey City, New Jersey",,,,,,Island Records,true,national,web-verified,,,,https://jerseycitysound.com/entry-christina-milian.html,"Wikipedia — Christina Milian <https://en.wikipedia.org/wiki/Christina_Milian> | Archive research: The Jersey City Sound, 2026 | Billboard chart history (Hot 100 / Billboard 200)"
088,Phyllis Newman,phyllis-newman,person,Musician,,,,"March 19, 1933, Jersey City, New Jersey",,"September 15, 2019",,,,,true,national,web-verified,,,,https://jerseycitysound.com/entry-phyllis-newman.html,"Wikipedia — Phyllis Newman <https://en.wikipedia.org/wiki/Phyllis_Newman> | Archive research: The Jersey City Sound, 2026"
089,Will Oakland,will-oakland,person,Musician,,,,,,,,,,,true,national,web-verified,,,,https://jerseycitysound.com/entry-will-oakland.html,"Wikipedia — Will Oakland <https://en.wikipedia.org/wiki/Will_Oakland> | Archive research: The Jersey City Sound, 2026"
090,Chris Phoenix,chris-phoenix,person,Rapper,Hip-hop,,,"Jersey City, New Jersey",,,"Jersey City, New Jersey",,,,true,national,web-verified,,,,https://jerseycitysound.com/entry-chris-phoenix.html,"Wikipedia — Chris Phoenix <https://en.wikipedia.org/wiki/Chris_Phoenix_(rapper)> | Archive research: The Jersey City Sound, 2026"
091,Gerry Rosenthal,gerry-rosenthal,person,Musician,,,,,,,,,,,,national,web-verified,,,,https://jerseycitysound.com/entry-gerry-rosenthal.html,"Wikipedia — Gerry Rosenthal <https://en.wikipedia.org/wiki/Gerry_Rosenthal> | Archive research: The Jersey City Sound, 2026"
092,Johnny Rotella,johnny-rotella,person,Musician,,,,"November 4, 1920, Jersey City, New Jersey",,"September 11, 2014",,,,,true,national,web-verified,,,,https://jerseycitysound.com/entry-johnny-rotella.html,"Wikipedia — Johnny Rotella <https://en.wikipedia.org/wiki/Johnny_Rotella> | Archive research: The Jersey City Sound, 2026"
093,Basil Ruysdael,basil-ruysdael,person,Musician,,,,"1888, Jersey City, New Jersey",,1960,,,,,true,national,web-verified,,,,https://jerseycitysound.com/entry-basil-ruysdael.html,"Wikipedia — Basil Ruysdael <https://en.wikipedia.org/wiki/Basil_Ruysdael> | Archive research: The Jersey City Sound, 2026"
094,Ed Shaughnessy,ed-shaughnessy,person,Musician,Jazz,,,"January 29, 1929, Jersey City, New Jersey",,"February 24, 2013",,,"The Tonight Show with Johnny Carson (house drummer, 1962 to 1992)",,true,national,web-verified,,,,https://jerseycitysound.com/entry-ed-shaughnessy.html,"Wikipedia — Ed Shaughnessy <https://en.wikipedia.org/wiki/Ed_Shaughnessy> | Archive research: The Jersey City Sound, 2026"
095,Frank Sinatra Jr.,frank-sinatra-jr,person,Musician,Jazz,,,"January 10, 1944",,"March 16, 2016","Jersey City, New Jersey",,Frank Sinatra's musical director and conductor,,true,national,web-verified,,,,https://jerseycitysound.com/entry-frank-sinatra-jr.html,"Wikipedia — Frank Sinatra Jr. <https://en.wikipedia.org/wiki/Frank_Sinatra_Jr.> | Archive research: The Jersey City Sound, 2026"
096,Nancy Sinatra,nancy-sinatra,person,Musician,,,,"June 8, 1940, Jersey City, New Jersey","Hasbrouck Heights, New Jersey, from early childhood",,"Jersey City, New Jersey",,,,true,national,web-verified,,,,https://jerseycitysound.com/entry-nancy-sinatra.html,"Wikipedia — Nancy Sinatra <https://en.wikipedia.org/wiki/Nancy_Sinatra> | Archive research: The Jersey City Sound, 2026 | Billboard chart history (Hot 100 / Billboard 200)"
097,Peter Sliker,peter-sliker,person,Musician,,,,"June 7, 1925, Jersey City, New Jersey",,,"Jersey City, New Jersey",,,,true,national,web-verified,,,,https://jerseycitysound.com/entry-peter-sliker.html,"Wikipedia — Peter Sliker <https://en.wikipedia.org/wiki/Peter_Sliker> | Archive research: The Jersey City Sound, 2026"
098,Claydes Charles Smith,claydes-charles-smith,person,Musician,,,,"September 6, 1948, Jersey City, New Jersey",,"June 20, 2006",,,,Kool & the Gang (founding member),true,national,web-verified,,,,https://jerseycitysound.com/entry-claydes-charles-smith.html,"Wikipedia — Claydes Charles Smith <https://en.wikipedia.org/wiki/Claydes_Charles_Smith> | Archive research: The Jersey City Sound, 2026"
099,Diana Soviero,diana-soviero,person,Musician,,,,,,,,,,,true,national,web-verified,,,,https://jerseycitysound.com/entry-diana-soviero.html,"Wikipedia — Diana Soviero <https://en.wikipedia.org/wiki/Diana_Soviero> | Archive research: The Jersey City Sound, 2026"
100,Tom Tallitsch,tom-tallitsch,person,Musician,Jazz,,,,,,,,,,,national,web-verified,,,,https://jerseycitysound.com/entry-tom-tallitsch.html,"Wikipedia — Tom Tallitsch <https://en.wikipedia.org/wiki/Tom_Tallitsch> | Archive research: The Jersey City Sound, 2026"
101,"Dennis ""Dee Tee"" Thomas",dennis-dee-tee-thomas,person,Musician,Funk; Soul; R&B,,,"February 9, 1951, Jersey City, New Jersey",,"August 7, 2021",,,,Kool & the Gang (founding member),true,national,web-verified,,,,https://jerseycitysound.com/entry-dennis-dee-tee-thomas.html,"Wikipedia — Dennis ""Dee Tee"" Thomas <https://en.wikipedia.org/wiki/Dennis_""Dee_Tee""_Thomas> | Archive research: The Jersey City Sound, 2026"
102,Dickie Thompson,dickie-thompson,person,Musician,Jazz; R&B,,,,,,,,,,,national,web-verified,,,,https://jerseycitysound.com/entry-dickie-thompson.html,"Wikipedia — Dickie Thompson <https://en.wikipedia.org/wiki/Dickie_Thompson> | Archive research: The Jersey City Sound, 2026"
103,Joseph Trapanese,joseph-trapanese,person,Musician,,,,,,,,,,,,national,web-verified,,,,https://jerseycitysound.com/entry-joseph-trapanese.html,"Wikipedia — Joseph Trapanese <https://en.wikipedia.org/wiki/Joseph_Trapanese> | Archive research: The Jersey City Sound, 2026"
104,Florence Turner-Maley,florence-turner-maley,person,Musician,,,,,,,,,,,true,national,web-verified,,,,https://jerseycitysound.com/entry-florence-turner-maley.html,"Wikipedia — Florence Turner-Maley <https://en.wikipedia.org/wiki/Florence_Turner-Maley> | Archive research: The Jersey City Sound, 2026"
105,Phil Urso,phil-urso,person,Musician,Jazz,,,,,,,,,,,national,web-verified,,,,https://jerseycitysound.com/entry-phil-urso.html,"Wikipedia — Phil Urso <https://en.wikipedia.org/wiki/Phil_Urso> | Archive research: The Jersey City Sound, 2026"
106,Tony Velona,tony-velona,person,Musician,Pop,,,,,,,,Domani (1955); Lollipops and Roses (1962); Music to Watch Girls By (1966),,true,national,web-verified,,,,https://jerseycitysound.com/entry-tony-velona.html,"Wikipedia — Tony Velona <https://en.wikipedia.org/wiki/Tony_Velona> | Archive research: The Jersey City Sound, 2026"
107,Tommy West,tommy-west,person,Producer,,,,,,,,,"Producing Jim Croce (You Don't Mess Around with Jim; Bad, Bad Leroy Brown)",,,national,web-verified,,,,https://jerseycitysound.com/entry-tommy-west.html,"Wikipedia — Tommy West <https://en.wikipedia.org/wiki/Tommy_West_(music_producer)> | Archive research: The Jersey City Sound, 2026"
108,Howard Wyeth,howard-wyeth,person,Musician,R&B; Rock; Blues; Folk,,,"April 22, 1944, Jersey City, New Jersey",,,"Jersey City, New Jersey",,,,true,national,web-verified,,,,https://jerseycitysound.com/entry-howard-wyeth.html,"Wikipedia — Howard Wyeth <https://en.wikipedia.org/wiki/Howard_Wyeth> | Archive research: The Jersey City Sound, 2026"
109,Maury Yeston,maury-yeston,person,Musician,Classical,,,"October 23, 1945, Jersey City, New Jersey",,,"Jersey City, New Jersey",,,,true,national,web-verified,,,,https://jerseycitysound.com/entry-maury-yeston.html,"Wikipedia — Maury Yeston <https://en.wikipedia.org/wiki/Maury_Yeston> | Archive research: The Jersey City Sound, 2026"
110,The Black Hollies,the-black-hollies,group,Musical group,Rock,,,,,,,,,Ernest Jenning Record Co.,,national,web-verified,,,,https://jerseycitysound.com/entry-the-black-hollies.html,"Wikipedia — The Black Hollies <https://en.wikipedia.org/wiki/The_Black_Hollies> | Archive research: The Jersey City Sound, 2026"
111,The Components,the-components,group,Musical group,Rock,,,,,,,,,,,national,web-verified,,,,https://jerseycitysound.com/entry-the-components.html,"Wikipedia — The Components <https://en.wikipedia.org/wiki/The_Components> | Archive research: The Jersey City Sound, 2026"
112,Cyclone Static,cyclone-static,group,Musical group,Rock; Punk,,,,,,,,,,,national,web-verified,,,,https://jerseycitysound.com/entry-cyclone-static.html,"Wikipedia — Cyclone Static <https://en.wikipedia.org/wiki/Cyclone_Static> | Archive research: The Jersey City Sound, 2026"
113,Dirt Bike Annie,dirt-bike-annie,group,Musical group,Rock; Punk; Pop,,,,,,,,,,,national,web-verified,,,,https://jerseycitysound.com/entry-dirt-bike-annie.html,"Wikipedia — Dirt Bike Annie <https://en.wikipedia.org/wiki/Dirt_Bike_Annie> | Archive research: The Jersey City Sound, 2026"
114,Fit for an Autopsy,fit-for-an-autopsy,group,Musical group,,,,,,,,,,,,national,web-verified,,,,https://jerseycitysound.com/entry-fit-for-an-autopsy.html,"Wikipedia — Fit for an Autopsy <https://en.wikipedia.org/wiki/Fit_for_an_Autopsy> | Archive research: The Jersey City Sound, 2026"
115,The Heartaches,the-heartaches,group,Musical group,,,,,,,,,,,,national,web-verified,,,,https://jerseycitysound.com/entry-the-heartaches.html,"Wikipedia — The Heartaches <https://en.wikipedia.org/wiki/The_Heartaches> | Archive research: The Jersey City Sound, 2026"
116,The Jelly Beans,the-jelly-beans,group,Musical group,R&B; Blues,,,,,,,,,,,national,web-verified,,,,https://jerseycitysound.com/entry-the-jelly-beans.html,"Wikipedia — The Jelly Beans <https://en.wikipedia.org/wiki/The_Jelly_Beans> | Archive research: The Jersey City Sound, 2026 | Billboard chart history (Hot 100 / Billboard 200)"
117,Kool & the Gang,kool-and-the-gang,group,Musical group,Jazz; Funk; Soul; R&B,,,,,,,,,,,national,web-verified,,,,https://jerseycitysound.com/entry-kool-and-the-gang.html,"Wikipedia — Kool & the Gang <https://en.wikipedia.org/wiki/Kool_&_the_Gang> | Billboard chart history (Hot 100 and Hot R&B/Hip-Hop Songs) | Archive research: The Jersey City Sound, 2026 | Attrell Cordes, Wikipedia <https://en.wikipedia.org/wiki/Attrell_Cordes>"
118,The Manhattans,the-manhattans,group,Musical group,Soul; R&B; Quiet storm,1962 to present,,,,,,,,,,national,web-verified,,,,https://jerseycitysound.com/entry-the-manhattans.html,"Wikipedia — The Manhattans <https://en.wikipedia.org/wiki/The_Manhattans> | Archive research: The Jersey City Sound, 2026 | Billboard chart history (Hot 100 / Billboard 200)"
119,The Multi-Purpose Solution,the-multi-purpose-solution,group,Musical group,Rock,,,,,,,,,,,national,web-verified,,,,https://jerseycitysound.com/entry-the-multi-purpose-solution.html,"Wikipedia — The Multi-Purpose Solution <https://en.wikipedia.org/wiki/The_Multi-Purpose_Solution> | Archive research: The Jersey City Sound, 2026"
120,The One & Nines,the-one-and-nines,group,Musical group,R&B; Blues,,,,,,,,,,,national,web-verified,,,,https://jerseycitysound.com/entry-the-one-and-nines.html,"Wikipedia — The One & Nines <https://en.wikipedia.org/wiki/The_One_&_Nines> | Archive research: The Jersey City Sound, 2026"
121,Overlake,overlake,group,Musical group,Rock,,,,,,,,,,,national,web-verified,,,,https://jerseycitysound.com/entry-overlake.html,"Wikipedia — Overlake <https://en.wikipedia.org/wiki/Overlake_(band)> | Archive research: The Jersey City Sound, 2026"
122,P.M. Dawn,pm-dawn,group,Musical group,Hip-hop; Soul; R&B; Pop,,,,,,,,,,,national,web-verified,,,,https://jerseycitysound.com/entry-pm-dawn.html,"Wikipedia — P.M. Dawn <https://en.wikipedia.org/wiki/P.M._Dawn> | Archive research: The Jersey City Sound, 2026 | Attrell Cordes, Wikipedia <https://en.wikipedia.org/wiki/Attrell_Cordes>"
123,Ronnie & the Hi-Lites,ronnie-and-the-hi-lites,group,Musical group,,,,,,,,,,,,national,web-verified,,,,https://jerseycitysound.com/entry-ronnie-and-the-hi-lites.html,"Wikipedia — Ronnie & the Hi-Lites <https://en.wikipedia.org/wiki/Ronnie_&_the_Hi-Lites> | Archive research: The Jersey City Sound, 2026 | Billboard chart history (Hot 100 / Billboard 200)"
124,Rye Coalition,rye-coalition,group,Musical group,Rock; Punk,,,,,,,,,,,national,web-verified,,,,https://jerseycitysound.com/entry-rye-coalition.html,"Wikipedia — Rye Coalition <https://en.wikipedia.org/wiki/Rye_Coalition> | Archive research: The Jersey City Sound, 2026"
125,Spent,spent,group,Musical group,Rock,,,,,,,,,Thrill Jockey Records,,national,web-verified,,,,https://jerseycitysound.com/entry-spent.html,"Wikipedia — Spent <https://en.wikipedia.org/wiki/Spent_(band)> | Archive research: The Jersey City Sound, 2026"
126,The Vice Rags,the-vice-rags,group,Musical group,Rock,,,,,,,,,,,national,web-verified,,,,https://jerseycitysound.com/entry-the-vice-rags.html,"Wikipedia — The Vice Rags <https://en.wikipedia.org/wiki/The_Vice_Rags> | Archive research: The Jersey City Sound, 2026"
127,Akon,akon,person,Rapper,Hip-hop; R&B,,,,,,,,,,,national,web-verified,,,,https://jerseycitysound.com/entry-akon.html,"Wikipedia — Akon <https://en.wikipedia.org/wiki/Akon> | Archive research: The Jersey City Sound, 2026 | Billboard chart history (Hot 100 / Billboard 200)"
128,Apache,apache,person,Rapper,Hip-hop,,,"December 26, 1964, Jersey City, New Jersey",,,"Jersey City, New Jersey",,,,true,national,web-verified,,,,https://jerseycitysound.com/entry-apache.html,"Wikipedia — Apache <https://en.wikipedia.org/wiki/Apache_(rapper)> | Archive research: The Jersey City Sound, 2026 | Billboard chart history (Hot 100 / Billboard 200)"
129,Chill Rob G,chill-rob-g,person,Rapper,Hip-hop; Boom bap,,Robert Frazier,,,,,,Let the Words Flow -- sampled by Snap! for The Power,,,national,web-verified,,,,https://jerseycitysound.com/entry-chill-rob-g.html,"Wikipedia — Chill Rob G <https://en.wikipedia.org/wiki/Chill_Rob_G> | Archive research: The Jersey City Sound, 2026 | Chill Town J.C. Hip-Hop Documentary Film, dir. Champagne — YouTube <https://www.youtube.com/watch?v=ppgLMMQHDu8>"
130,Attrell Cordes,attrell-cordes,person,Rapper,Hip-hop,,,"May 19, 1970",,,,,,PM Dawn,,national,web-verified,,,,https://jerseycitysound.com/entry-attrell-cordes.html,"Wikipedia — Attrell Cordes <https://en.wikipedia.org/wiki/Attrell_Cordes> | Archive research: The Jersey City Sound, 2026 | Attrell Cordes, Wikipedia <https://en.wikipedia.org/wiki/Attrell_Cordes>"
131,Paul Banks,paul-banks,person,Musician,Jazz,,,,,,,,,,,national,web-verified,,,,https://jerseycitysound.com/entry-paul-banks.html,"Wikipedia — Paul Banks <https://en.wikipedia.org/wiki/Paul_Banks_(American_musician)> | Archive research: The Jersey City Sound, 2026"
132,John P. Hammond,john-p-hammond,person,Musician,Blues,,,"November 13, 1942",,"February 28, 2026, Jersey City, New Jersey",,,,,,national,web-verified,,,,https://jerseycitysound.com/entry-john-p-hammond.html,"Wikipedia — John P. Hammond <https://en.wikipedia.org/wiki/John_P._Hammond> | Archive research: The Jersey City Sound, 2026"
133,Hao Huang,hao-huang,person,Musician,,,,,,,,,,,,national,web-verified,,,,https://jerseycitysound.com/entry-hao-huang.html,"Wikipedia — Hao Huang <https://en.wikipedia.org/wiki/Hao_Huang> | Archive research: The Jersey City Sound, 2026"
134,Kid Buu,kid-buu,person,Rapper,Hip-hop,,,,,,,,,,,national,web-verified,,,,https://jerseycitysound.com/entry-kid-buu.html,"Wikipedia — Kid Buu <https://en.wikipedia.org/wiki/Kid_Buu_(rapper)> | Archive research: The Jersey City Sound, 2026"
135,Gil Melle,gil-melle,person,Musician,Jazz,,,"December 31, 1931, Jersey City, New Jersey",,"December 28, 2004",,,The Andromeda Strain soundtrack (1971); early Blue Note sessions,Blue Note Records (early 1950s),true,national,web-verified,,,,https://jerseycitysound.com/entry-gil-melle.html,"Wikipedia — Gil Melle <https://en.wikipedia.org/wiki/Gil_Melle> | Archive research: The Jersey City Sound, 2026"
136,De$igner Boyz,designer-boyz,group,Hip-hop group,Hip-hop,,,,,,,Greenville,,,,,community-verified,,,,https://jerseycitysound.com/entry-designer-boyz.html,"Archive research: The Jersey City Sound, 2026"
137,Many Men Records,manymen-records,label,Record label; Artist collective,Hip-hop,,,,,,"Jersey City, New Jersey",,,,,,community-verified,,,,https://jerseycitysound.com/entry-manymen-records.html,"Archive research: The Jersey City Sound, 2026 | Many Men Records roster and label history, The Jersey City Sound, 2026"
138,The Heat,the-heat,group,Hip-hop group,Hip-hop,,,,,,,,,,,,community-verified,,,,https://jerseycitysound.com/entry-the-heat.html,"Archive research: The Jersey City Sound, 2026 | HEAT (Tell Em We Coming) promo artifact, DJ E Double personal archive, 2026 (see image)"
139,Bralikk Animalz,bralikk-animalz,group,Hip-hop group,Hip-hop,,,,,,,,,,,,community-verified,,,,https://jerseycitysound.com/entry-bralikk-animalz.html,"Archive research: The Jersey City Sound, 2026"
140,Block Royal,block-royal,group,Hip-hop group,Hip-hop,,,,,,,,,,,,community-verified,,,,https://jerseycitysound.com/entry-block-royal.html,"Archive research: The Jersey City Sound, 2026"
141,The Cobras,the-cobras,group,Hip-hop group,Hip-hop,,,,,,,,,,,,community-verified,,,,https://jerseycitysound.com/entry-the-cobras.html,"Archive research: The Jersey City Sound, 2026"
142,KS (Mr Xtortion),ks-mr-xtortion,person,Rapper,Hip-hop,,,,,,,,,,,,community-verified,,,,https://jerseycitysound.com/entry-ks-mr-xtortion.html,"Archive research: The Jersey City Sound, 2026"
143,Ruga,ruga,person,Rapper,Hip-hop,,,,,,,,,,,,community-verified,,,,https://jerseycitysound.com/entry-ruga.html,"Archive research: The Jersey City Sound, 2026"
144,Lil Dev,lil-dev,person,Rapper,Hip-hop,,,,,,,,,,,,community-verified,,,,https://jerseycitysound.com/entry-lil-dev.html,"Archive research: The Jersey City Sound, 2026"
145,Max YB,max-yb,person,Rapper,Hip-hop,,,,,,,Greenville,,,,,community-verified,,,,https://jerseycitysound.com/entry-max-yb.html,"Archive research: The Jersey City Sound, 2026"
146,DamnGirll,damngirll,person,Rapper,Hip-hop,,,,,,,,,,,,community-verified,,,,https://jerseycitysound.com/entry-damngirll.html,"Archive research: The Jersey City Sound, 2026"
147,Dibiasi,dibiasi,person,Rapper,Hip-hop,,,,,,,,,,,,community-verified,,,,https://jerseycitysound.com/entry-dibiasi.html,"Archive research: The Jersey City Sound, 2026"
148,MrCashedOut,mrcashedout,person,Rapper,Hip-hop,,,,,,,,,,,,community-verified,,,,https://jerseycitysound.com/entry-mrcashedout.html,"Archive research: The Jersey City Sound, 2026"
149,PressureOnline,pressureonline,person,Artist; Media,Hip-hop,,,,,,,Greenville,,,,,community-verified,,,,https://jerseycitysound.com/entry-pressureonline.html,"PressureOnline — official site <https://pressureonline.com> | Archive research: The Jersey City Sound, 2026"
150,Big Spanish,big-spanish,person,Rapper,Hip-hop,,,,,,,,,,,,community-verified,,,,https://jerseycitysound.com/entry-big-spanish.html,"Archive research: The Jersey City Sound, 2026"
151,Mali G,mali-g,person,Rapper,Hip-hop,,,,,,,,,,,,community-verified,,,,https://jerseycitysound.com/entry-mali-g.html,"Archive research: The Jersey City Sound, 2026"
152,1stLady EL,1stlady-el,person,Party promoter,Hip-hop,,,,,,,,,,,,community-verified,,,,https://jerseycitysound.com/entry-1stlady-el.html,"Archive research: The Jersey City Sound, 2026"
153,Taylor Portt,taylor-portt,person,Rapper,Hip-hop,,,,,,,,,,,,community-verified,,,,https://jerseycitysound.com/entry-taylor-portt.html,"Archive research: The Jersey City Sound, 2026"
154,Jade,jade,person,Vocalist,R&B; Hip-hop,,,,,,,,,,,,community-verified,,,,https://jerseycitysound.com/entry-jade.html,"Archive research: The Jersey City Sound, 2026"
155,Suzy Q,suzy-q,person,Vocalist,R&B,,,,,,,,,,,,community-verified,,,,https://jerseycitysound.com/entry-suzy-q.html,"Archive research: The Jersey City Sound, 2026"
156,Montana Dess,montana-dess,person,Rapper,Hip-hop,,,,,,,,,,,,community-verified,,,,https://jerseycitysound.com/entry-montana-dess.html,"Archive research: The Jersey City Sound, 2026"
157,Benny Blanca,benny-blanca,person,Artist,Hip-hop,,,,,,,,,,,,community-verified,,,,https://jerseycitysound.com/entry-benny-blanca.html,"Archive research: The Jersey City Sound, 2026"
158,Nina Foxx,nina-foxx,person,Vocalist,R&B; Hip-hop,,,,,,,,,,,,community-verified,,,,https://jerseycitysound.com/entry-nina-foxx.html,"Archive research: The Jersey City Sound, 2026"
159,J SASS,j-sass,person,MC; Songwriter,Hip-hop; Conscious hip-hop,,Jennife' Askew,,,,"Jersey City, New Jersey",,,,,,community-verified,,,,https://jerseycitysound.com/entry-j-sass.html,"Artist biography supplied to The Jersey City Sound, 2026 | Family account given to this archive, 2026"
160,Mariah Lynn,mariah-lynn,person,Artist,Hip-hop,,,,,,,,Love and Hip Hop: New York (VH1),,,,community-verified,,,,https://jerseycitysound.com/entry-mariah-lynn.html,"Archive research: The Jersey City Sound, 2026"
161,DidThatt,didthatt,person,Rapper,Hip-hop,,,,,,,,,,,national,community-verified,,,,https://jerseycitysound.com/entry-didthatt.html,"Archive research: The Jersey City Sound, 2026"
162,DJ Wimpy Bee,dj-wimpy-bee,person,DJ; Blends pioneer,Blends; Hip-hop,,Edmund Bryant,,,,,,Super-fast scratches; founding the city's DJ tradition,,,,doc-verified,,,,https://jerseycitysound.com/entry-dj-wimpy-bee.html,"WizTV Presents: The Jersey City DJ Documentary Vol. 1 (2006) — DJ Flash segment <https://www.youtube.com/watch?v=ZDfRsT0CKeU> | Oral history: The Jersey City Sound, 2026 (founder of the Jersey City blends tradition) | Chill Town J.C. Hip-Hop Documentary Film, dir. Champagne — YouTube <https://www.youtube.com/watch?v=ppgLMMQHDu8>"
163,Chill Divine,chill-divine,person,Rapper,Hip-hop; Boom bap,c. 1990,,,,,,,,,,,web-verified,,,,https://jerseycitysound.com/entry-chill-divine.html,"Discogs — Chill Divine, Puttin’ It Wildly / Long Live The Lyrical (12″, 1990, Square Records) <https://www.discogs.com/Chill-Divine-Puttin-It-Wildly-Long-Live-The-Lyrical/release/1096288> | “Puttin’ It Wildly” — 1990 Square Records (YouTube) <https://www.youtube.com/watch?v=WyA1XQ00F6A> | Van Liew family history, contributed by Robert Van Liew (DJ DX), The Jersey City Sound, 2026"
164,DJ Thurmie Thurm,dj-thurmie-thurm,person,Battle DJ; Pioneer,Hip-hop; House,late 1970s – 1980s,,,,,,,,Jersey City Chiba Crew,,,web-verified,,,,https://jerseycitysound.com/entry-dj-thurmie-thurm.html,Instagram @originaldjthurm <https://www.instagram.com/originaldjthurm/> | Red Line Legacy — community history (Facebook) <https://www.facebook.com/groups/redlinelegacybmxgroup/posts/1438705668025864/>
165,Chiba Crew,chiba-crew,group,DJ & MC collective,Hip-hop; Disco; Breakbeat,late 1970s – 1980s,,,,,,,,,,,community-verified,,,,https://jerseycitysound.com/entry-chiba-crew.html,Red Line Legacy — community history (Facebook) <https://www.facebook.com/groups/redlinelegacybmxgroup/posts/1438705668025864/>
166,Cool Sir Brown,cool-sir-brown,person,Rapper,Hip-hop,,,,,,,,,,,,web-verified,,,,https://jerseycitysound.com/entry-cool-sir-brown.html,"Cool Sir Brown — Spotify <https://open.spotify.com/artist/0EmO3JnmlG2vW65GGKyzOI> | Cool Sir Brown — Apple Music <https://music.apple.com/us/artist/cool-sir-brown/1573218198> | Cool Sir Brown — Audiomack <https://audiomack.com/cool-sir-brown/songs> | Van Liew family history, contributed by Robert Van Liew (DJ DX), The Jersey City Sound, 2026 | Chill Town J.C. Hip-Hop Documentary Film, dir. Champagne — YouTube <https://www.youtube.com/watch?v=ppgLMMQHDu8>"
167,Double J,double-j,person,Rapper,Hip-hop; Boom bap,late 1980s – 1990s,Gerald J. Jones,,,,,,,,,,web-verified,,,,https://jerseycitysound.com/entry-double-j.html,Unkut — The Hitman Double J <https://unkut.com/2006/05/the-hitman-double-j/> | Red Bull Music Academy — Flavor Unit oral history <https://daily.redbullmusicacademy.com/2015/08/flavor-unit-oral-history/> | The 45 King Presents the Flavor Unit — Apple Music <https://music.apple.com/us/album/the-45-king-presents-the-flavor-unit/1682568598>
168,DJ Stranger Dee,dj-stranger-dee,person,DJ; Pioneer,Hip-hop,early 1980s –,,,,,,,,"Sweet, Slick and Sly Crew",,,web-verified,,,,https://jerseycitysound.com/entry-dj-stranger-dee.html,"MoPOP Museum — Sweet, Slick and Sly Crew, Jersey City <https://mopop.emuseum.com/objects/79166/sweet-slick-and-sly-crew-jersey-city> | MoPOP Museum — Benmore presents The Turnout: Battle of '82 <https://mopop.emuseum.com/objects/83457/rosieb--benmore-presents-the-turnout-battle-of-82-demon-c> | Hoboken Girl — Jersey City's “Chilltown” history <https://www.hobokengirl.com/jersey-city-nickname-chilltown-history/> | Chill Town J.C. Hip-Hop Documentary Film, dir. Champagne — YouTube <https://www.youtube.com/watch?v=ppgLMMQHDu8>"
169,The Spellbinders,the-spellbinders,group,Soul group,Soul; Doo-wop; R&B,1965 – 1969,,,,,,,,,,national,web-verified,,,,https://jerseycitysound.com/entry-the-spellbinders.html,"Obituary of MacArthur Munford, Manifesto magazine (2006)"
170,MacArthur Munford,macarthur-munford,person,Vocalist; Bass singer,Soul; Doo-wop; R&B,1960 – 2006,,,,,,,,,,national,web-verified,,,,https://jerseycitysound.com/entry-macarthur-munford.html,"Obituary of MacArthur Munford, Manifesto magazine (2006) | Van Liew family history, contributed by Robert Van Liew (DJ DX), The Jersey City Sound, 2026 | Interview recollection by Ray Block (the Valitons / Vintage), The Jersey City Sound, 2026"
171,Mary Brown,mary-brown,person,Songwriter; Singer; Producer,R&B; Pop; Soul,1990s – present,,,,,,,,,,national,web-verified,,,,https://jerseycitysound.com/entry-mary-brown.html,"Mary Brown — artist biography and press materials, The Jersey City Sound, 2026 | RIAA Gold & Platinum database <https://www.riaa.com/gold-platinum/> | “No, No, No” (Destiny's Child) — songwriting credit <https://en.wikipedia.org/wiki/No,_No,_No_(Destiny%27s_Child_song)> | Van Liew / Brown family history, contributed by Robert Van Liew (DJ DX), The Jersey City Sound, 2026 | Chill Town J.C. Hip-Hop Documentary Film, dir. Champagne — YouTube <https://www.youtube.com/watch?v=ppgLMMQHDu8>"
172,Catamount Records,catamount-records,label,Record label,Acappella; Doo-wop; Soul; Funk,1964 – 2016,,,,,"Jersey City, New Jersey",,,,,,web-verified,,,,https://jerseycitysound.com/entry-catamount-records.html,Classic Urban Harmony — Catamount Records label history <https://classicurbanharmony.net/articles/record-labels-articles-and-discographies/catamount-records/> | Classic Urban Harmony — Stan Krause obituary (2016) <https://classicurbanharmony.net/2016/05/21/mourning-the-passing-of-stan-krause-acappella-icon-record-store-owner-producer-label-owner/> | Catamount discography — Discogs <https://www.discogs.com/label/128104-Catamount>
173,Square Records,square-records,label,Record label,Hip-hop; Soul,,,,,,"Jersey City, New Jersey",,,,,,web-verified,,,,https://jerseycitysound.com/entry-square-records.html,"Discogs — Chill Divine, Puttin' It Wildly / Long Live The Lyrical (Square Records, 1990) <https://www.discogs.com/Chill-Divine-Puttin-It-Wildly-Long-Live-The-Lyrical/release/1096288> | Classic Urban Harmony — Catamount Records label history <https://classicurbanharmony.net/articles/record-labels-articles-and-discographies/catamount-records/> | Oral history: The Jersey City Sound, 2026 (Square Records founded by Stan Krause)"
174,Deejay Luchionney,deejay-luchionney,person,DJ; Radio founder,Open format,1995 – present,,,,,"Jersey City, New Jersey",,,,,,community-verified,,,,https://jerseycitysound.com/entry-deejay-luchionney.html,"Oral history: The Jersey City Sound, 2026 (Hood Work Radio; DJing since 1995)"
175,Speedy Baby,speedy-baby,person,DJ,,,,,,,"Jersey City, New Jersey",,,,,,handle-provided,,,,https://jerseycitysound.com/entry-speedy-baby.html,"Archive research: The Jersey City Sound, 2026"
176,DJ Rydeout,dj-rydeout,person,DJ,Jersey club,,,,,,"Jersey City, New Jersey",,,,,,web-verified,,,,https://jerseycitysound.com/entry-dj-rydeout.html,"Dj RydeOut — ReverbNation <https://www.reverbnation.com/djrydeout> | DJ Rydeout (@djrydeout) — Instagram <https://www.instagram.com/djrydeout/> | New Year's Eve 2017, Beer House Bloomfield — Bloomfield Center <http://www.bloomfieldcenter.com/pub/event/story/589>"
177,The Persuasions,the-persuasions,group,A cappella group,A cappella; Soul; Doo-wop,1962 – present,,,,,"Jersey City, New Jersey",,,Catamount Records (Stan Krause),,national,web-verified,,,,https://jerseycitysound.com/entry-the-persuasions.html,Classic Urban Harmony — Catamount Records label history <https://classicurbanharmony.net/articles/record-labels-articles-and-discographies/catamount-records/> | Billboard chart history (Hot R&B/Hip-Hop Albums and Billboard 200)
178,14 Karat Soul,14-karat-soul,group,A cappella group,A cappella; Doo-wop; Soul,1970s – 1990s,,,,,"Jersey City, New Jersey",,,Catamount Records (Stan Krause),,national,web-verified,,,,https://jerseycitysound.com/entry-14-karat-soul.html,Classic Urban Harmony — Catamount Records label history <https://classicurbanharmony.net/articles/record-labels-articles-and-discographies/catamount-records/>
179,The Royal Counts,the-royal-counts,group,Vocal group,Doo-wop; A cappella,,,,,,"Jersey City, New Jersey",,,Catamount Records (Stan Krause),,,web-verified,,,,https://jerseycitysound.com/entry-the-royal-counts.html,Classic Urban Harmony — Catamount Records label history <https://classicurbanharmony.net/articles/record-labels-articles-and-discographies/catamount-records/>
180,Vintage,vintage-jersey-city,group,A cappella group,A cappella; Doo-wop; Soul,,,,,,"Jersey City, New Jersey",,,Catamount Records (Stan Krause),,,web-verified,,,,https://jerseycitysound.com/entry-vintage-jersey-city.html,"Classic Urban Harmony — Catamount Records label history <https://classicurbanharmony.net/articles/record-labels-articles-and-discographies/catamount-records/> | Obituary of MacArthur Munford, Manifesto magazine (2006)"
181,E-Square,e-square,person,DJ,Hip-hop; Mixtapes,c. 1990s – 2000s,,,,,"Jersey City, New Jersey",,,,,,doc-verified,,,,https://jerseycitysound.com/entry-e-square.html,"Event flyers from the DJ Q (Da Topic) archive, 2000–2003 — The Jersey City Sound | Community identification, The Jersey City Sound, 2026"
182,DJ All Out,dj-all-out,person,DJ,Hip-hop; Mixtapes,c. 2000s,,,,,"Jersey City, New Jersey",,,,,,doc-verified,,,,https://jerseycitysound.com/entry-dj-all-out.html,"Event flyers from the DJ Q (Da Topic) archive, 2000–2003 — The Jersey City Sound | Community identification, The Jersey City Sound, 2026"
183,DJ Thunderkatt,dj-thunderkatt,person,DJ,Hip-hop; Mixtapes,c. 2000s,,,,,"Jersey City, New Jersey",,,,,,doc-verified,,,,https://jerseycitysound.com/entry-dj-thunderkatt.html,"Event flyers from the DJ Q (Da Topic) archive, 2000–2003 — The Jersey City Sound | Community identification, The Jersey City Sound, 2026 | Family history, The Jersey City Sound, 2026"
184,Chill Town J.C. Hip-Hop Documentary,chill-town-jc-hip-hop-documentary,film,Documentary film,Hip-hop history; Oral history,c. 2010s,,,,,"Jersey City, New Jersey",,,,,,web-verified,,,,https://jerseycitysound.com/entry-chill-town-jc-hip-hop-documentary.html,"Chill Town J.C. Hip-Hop Documentary Film, dir. Champagne — YouTube <https://www.youtube.com/watch?v=ppgLMMQHDu8>"
185,Champagne,champagne,person,MC; Manager; Filmmaker,Hip-hop,c. 1980s – present,,,,,"Jersey City, New Jersey",,,,,,doc-verified,,,,https://jerseycitysound.com/entry-champagne.html,"Chill Town J.C. Hip-Hop Documentary Film, dir. Champagne — YouTube <https://www.youtube.com/watch?v=ppgLMMQHDu8>"
186,Sweet Slick and Slide,sweet-slick-and-slide,group,Hip-hop crew,Hip-hop; Old school,c. 1980 – 1990s,,,,,"The Hill, Jersey City",,,,,,doc-verified,,,,https://jerseycitysound.com/entry-sweet-slick-and-slide.html,"Chill Town J.C. Hip-Hop Documentary Film, dir. Champagne — YouTube <https://www.youtube.com/watch?v=ppgLMMQHDu8> | Family history, The Jersey City Sound, 2026 | Period flyers preserved in this archive: the It's Magic breakin contest flyer and The Showdown For All DJs at Benmore Skating Rink (see the images on this page) | Young Flizo (@youngflizo), Stegman Street Legacy tribute post, Instagram, January 19, 2022"
187,Lord Sun Albee Al,lord-sun-albee-al,person,MC; Party rocker,Hip-hop; Old school,1980s – 1990s,,,,,"Jersey City, New Jersey",,,Sweet Slick and Slide (founder),,,doc-verified,,,,https://jerseycitysound.com/entry-lord-sun-albee-al.html,"Chill Town J.C. Hip-Hop Documentary Film, dir. Champagne — YouTube <https://www.youtube.com/watch?v=ppgLMMQHDu8> | Family history, The Jersey City Sound, 2026 | Young Flizo (@youngflizo), Stegman Street Legacy tribute post, Instagram, January 19, 2022 (screenshot preserved in this archive) | Period flyers: The Showdown For All DJs (Benmore Skating Rink) and the It's Magic breakin contest flyer, preserved in this archive (see gallery)"
188,Tranquilizing Three,tranquilizing-three,group,Hip-hop crew,Hip-hop; Old school,c. 1980 – 1980s,,,,,"Duncan Projects, Jersey City",,,,,,doc-verified,,,,https://jerseycitysound.com/entry-tranquilizing-three.html,"Chill Town J.C. Hip-Hop Documentary Film, dir. Champagne — YouTube <https://www.youtube.com/watch?v=ppgLMMQHDu8>"
189,Positively Black,positively-black,group,Hip-hop group,Conscious hip-hop,1988 – 1990s,,,,,"Jersey City, New Jersey",,,,,,doc-verified,,,,https://jerseycitysound.com/entry-positively-black.html,"Chill Town J.C. Hip-Hop Documentary Film, dir. Champagne — YouTube <https://www.youtube.com/watch?v=ppgLMMQHDu8>"
190,Prince Kyrie,prince-kyrie,person,MC,Conscious hip-hop,1988 – present,,,,,"Jersey City, New Jersey",,,,,,doc-verified,,,,https://jerseycitysound.com/entry-prince-kyrie.html,"Chill Town J.C. Hip-Hop Documentary Film, dir. Champagne — YouTube <https://www.youtube.com/watch?v=ppgLMMQHDu8>"
191,DJ Count Basil,dj-count-basil,person,DJ; Producer,House; Deep house; Soulful house,c. 1980s – present,,,,,"Jersey City, New Jersey",,,,,,community-verified,,,,https://jerseycitysound.com/entry-dj-count-basil.html,"Archive research: The Jersey City Sound, 2026 (Nu Groove discography; Paradise Garage / Nell’s / Sound Factory residencies) | Chill Town J.C. Hip-Hop Documentary Film, dir. Champagne — YouTube <https://www.youtube.com/watch?v=ppgLMMQHDu8>"
192,Cito on the Beat,cito-on-the-beat,person,Producer,,,,,,,"Jersey City, New Jersey",,,,,,handle-provided,,,,https://jerseycitysound.com/entry-cito-on-the-beat.html,"Community identification, The Jersey City Sound, 2026"
193,Chop Diesel,chop-diesel,person,Artist,,,,,,,"Jersey City, New Jersey",,,,,,handle-provided,,,,https://jerseycitysound.com/entry-chop-diesel.html,"Community identification, The Jersey City Sound, 2026"
194,KNOXX,knoxx,person,Artist,,,,,,,"Jersey City, New Jersey",,,,,,handle-provided,,,,https://jerseycitysound.com/entry-knoxx.html,"Community identification, The Jersey City Sound, 2026"
195,Mr. Chicken,mr-chicken,person,Artist,,,,,,,"Jersey City, New Jersey",,,,,,handle-provided,,,,https://jerseycitysound.com/entry-mr-chicken.html,"Community identification, The Jersey City Sound, 2026"
196,MVP,mvp,person,Artist,,,,,,,"Jersey City, New Jersey",,,,,,handle-provided,,,,https://jerseycitysound.com/entry-mvp.html,"Community identification, The Jersey City Sound, 2026"
197,LilzHP,lilzhp,person,Artist,,,,,,,"Jersey City, New Jersey",,,,,,handle-provided,,,,https://jerseycitysound.com/entry-lilzhp.html,"Community identification, The Jersey City Sound, 2026"
198,Illanoise,illanoise,person,Artist,,,,,,,"Jersey City, New Jersey",,,,,,handle-provided,,,,https://jerseycitysound.com/entry-illanoise.html,"Community identification, The Jersey City Sound, 2026"
199,Orlando Wharton,orlando-wharton,person,Executive; A&R; Manager,Hip-hop,,,,,,"Jersey City, New Jersey",,,,,,web-verified,,,,https://jerseycitysound.com/entry-orlando-wharton.html,"Community identification, The Jersey City Sound, 2026 | Industry and community documentation, The Jersey City Sound, 2026"
200,Presidential Beats,presidential-beats,label,Production company,Hip-hop,,,,,,"Jersey City, New Jersey",,,,,,community-verified,,,,https://jerseycitysound.com/entry-presidential-beats.html,"Community identification, The Jersey City Sound, 2026"
201,Producer Mayor,producer-mayor,person,Producer,Hip-hop,,,,,,"Jersey City, New Jersey",,,,,,web-verified,,,,https://jerseycitysound.com/entry-producer-mayor.html,"Archive research: The Jersey City Sound, 2026 (Ransom — This Life Made Me, 2022; No Rest for the Wicked); Instagram @MayoR LLC4 | Community identification, The Jersey City Sound, 2026"
202,The Catamounts,the-catamounts,group,Soul & R&B group,Soul; Rhythm and blues; Deep soul,mid-1970s,,,,,"Jersey City, New Jersey",,,Catamount Records (Stan Krause),,,web-verified,,,,https://jerseycitysound.com/entry-the-catamounts.html,"Classic Urban Harmony — Catamount Records label history <https://classicurbanharmony.net/articles/record-labels-articles-and-discographies/catamount-records/> | “Blessings” — DJ DX (feat. The Catamounts), YouTube <https://www.youtube.com/watch?v=_2scELJWqRk> | Catamount discography — Discogs <https://www.discogs.com/label/128104-Catamount>"
203,Nero,nero-ckp,person,Rapper; Host; Media personality,Hip-hop,,,,,,"Jersey City, New Jersey",,,,,,community-verified,,,,https://jerseycitysound.com/entry-nero-ckp.html,"Community identification, The Jersey City Sound, 2026 (From Da Mud / FDM Thugcast; Instagram @Nero CKP)"
205,DJ Hazz B,dj-hazz-b,person,DJ,Hip-hop; Mixtapes,,,,,,"Jersey City, New Jersey",,,,,,community-verified,,,,https://jerseycitysound.com/entry-dj-hazz-b.html,"Community identification, The Jersey City Sound, 2026 | Community documentation, The Jersey City Sound, 2026 (surfaced via search; pending verification)"
206,Money Train Entertainment,money-train-entertainment,label,Entertainment company; Event production; Artist management,,,,,,,"Jersey City, New Jersey",,Winter Blaze DJ Battle; Channel 51 TV show (Comcast),,,,community-verified,,,,https://jerseycitysound.com/entry-money-train-entertainment.html,"Money Train Events — Instagram (@moneytrainevents) <https://www.instagram.com/moneytrainevents/> | Archive research: The Jersey City Sound, 2026"
207,Shakim Thompson,shakim-thompson,person,Entrepreneur; Promoter; Executive,,,,,,,"Jersey City, New Jersey",,,,,,community-verified,,,,https://jerseycitysound.com/entry-shakim-thompson.html,"Shakim Thompson — Instagram (@moneytrainsha) <https://www.instagram.com/moneytrainsha/> | Archive research: The Jersey City Sound, 2026"
208,D-Eastwood,d-eastwood,person,Rapper,Hip-hop,,,,,,"Jersey City, New Jersey",,,,,,handle-provided,,,,https://jerseycitysound.com/entry-d-eastwood.html,"Many Men Records roster and label history, The Jersey City Sound, 2026 | Community identification, The Jersey City Sound, 2026"
209,J. Fresh,j-fresh,person,Rapper,Hip-hop,,,,,,"Jersey City, New Jersey",,,,,,handle-provided,,,,https://jerseycitysound.com/entry-j-fresh.html,"Many Men Records roster and label history, The Jersey City Sound, 2026 | Community identification, The Jersey City Sound, 2026"
210,P.Dot,p-dot,person,Rapper,Hip-hop,,,,,,"Jersey City, New Jersey",,,,,,handle-provided,,,,https://jerseycitysound.com/entry-p-dot.html,"Many Men Records roster and label history, The Jersey City Sound, 2026 | Community identification, The Jersey City Sound, 2026"
211,Soul Shades,soul-shades,group,Duo,Turntablism; Live remix,,,,,,,,Nimino “I Only Smoke When I Drink” × “Englishman in New York” mashup (10M+ views),,,,community-verified,,,,https://jerseycitysound.com/entry-soul-shades.html,"Oral history: Robert Van Liew (DJ DX), The Jersey City Sound, 2026 | Soul Shades remix credited by Ninja Tune / Counter Records (Instagram, Nov 8 2024) <https://www.instagram.com/reel/DCHDQr1oI3y/> | Soul Shades Music on TikTok (@soulshadesmusic) <https://www.tiktok.com/@soulshadesmusic> | Soul Shades Music — official site <https://soulshadesmusic.com>"
213,New Jersey Mix Kings 201,new-jersey-mix-kings-201,group,DJ collective,Hip-hop; Mixtapes,,,,,,New Jersey,,,,,,community-verified,,,,https://jerseycitysound.com/entry-new-jersey-mix-kings-201.html,"Community documentation, The Jersey City Sound, 2026 (surfaced via search; pending verification)"
214,DJ Nyce,dj-nyce,person,DJ,,,,,,,,,,,,,web-verified,,,,https://jerseycitysound.com/entry-dj-nyce.html,"DJ Nyce on Instagram (@djnyceriley) <https://www.instagram.com/djnyceriley/> | Identity clarification (DJ Nyce is not DJ J Nice), DJ DX (Robert Van Liew), The Jersey City Sound, 2026"
215,DJ Junebugg,dj-junebugg,person,DJ,Hip-hop; Mixtapes,,,,,,New Jersey,,,,,,handle-provided,,,,https://jerseycitysound.com/entry-dj-junebugg.html,"Community documentation, The Jersey City Sound, 2026 (surfaced via search; pending verification)"
216,The A-Team,the-a-team,group,Rap duo,Hip-hop,c. 1999 – 2006,,,,,"Jersey City, New Jersey",,,,,,web-verified,,,,https://jerseycitysound.com/entry-the-a-team.html,"Industry and community documentation, The Jersey City Sound, 2026"
217,Presidential,presidential-crew,group,Crew; Management circle,,early 2000s,,,,,"Jersey City, New Jersey",,,,,,community-verified,,,,https://jerseycitysound.com/entry-presidential-crew.html,"Industry and community documentation, The Jersey City Sound, 2026"
218,Zigimo,zigimo,person,Producer; Multi-instrumentalist; Recording artist,Experimental hip-hop; Underground rap; Lo-fi,2018 – present,,,,,"Jersey City, New Jersey",,,,,national,community-verified,,,,https://jerseycitysound.com/entry-zigimo.html,"Zigimo — releases on Spotify and Bandcamp | Family and biographical detail contributed by Robert Van Liew (DJ DX), The Jersey City Sound, 2026"
219,Roy Hamilton,roy-hamilton,person,Singer,R&B; Pop; Gospel,1954 to 1969,,,,,"Jersey City, New Jersey",,,Epic Records,,national,web-verified,,,,https://jerseycitysound.com/entry-roy-hamilton.html,Wikipedia — Roy Hamilton <https://en.wikipedia.org/wiki/Roy_Hamilton_(singer)> | Billboard chart history (Hot R&B and Hot 100)
220,Frank Infante,frank-infante,person,Guitarist; Musician,Rock; New Wave,1970s to present,,,,,"Jersey City, New Jersey",,,Blondie (1977 to 1982),true,national,web-verified,,,,https://jerseycitysound.com/entry-frank-infante.html,Wikipedia — Frank Infante <https://en.wikipedia.org/wiki/Frank_Infante> | Rock and Roll Hall of Fame — Blondie (2006) <https://www.rockhall.com/inductees/blondie>
221,Ozzie Nelson,ozzie-nelson,person,Bandleader; Musician,Big band; Jazz; Pop,1930s to 1940s,,,,,"Jersey City, New Jersey",,Bandleader; The Adventures of Ozzie and Harriet,,true,national,web-verified,,,,https://jerseycitysound.com/entry-ozzie-nelson.html,"Wikipedia — Ozzie Nelson <https://en.wikipedia.org/wiki/Ozzie_Nelson> | Joel Whitburn, Pop Memories 1890 to 1954 (retrospective chart reconstruction)"
222,Flip Wilson,flip-wilson,person,Comedian; Entertainer,Comedy,1960s to 1970s,,,,,"Jersey City, New Jersey",,"The Flip Wilson Show (NBC, 1970 to 1974)",,true,national,web-verified,,,,https://jerseycitysound.com/entry-flip-wilson.html,Wikipedia — Flip Wilson <https://en.wikipedia.org/wiki/Flip_Wilson> | Grammy Awards database
223,Stan Krause,stan-krause,person,Record producer; Record store owner; Label founder,Acappella; Soul; R&B,1964 to 2016,,,,,"Jersey City, New Jersey",,Stan's Square Records; Catamount Records; UGHA,,,national,web-verified,,,,https://jerseycitysound.com/entry-stan-krause.html,"Classic Urban Harmony — Mourning the Passing of Stan Krause, Acappella Icon, Record Store Owner, Producer, Label Owner (2016) <https://classicurbanharmony.net/2016/05/21/mourning-the-passing-of-stan-krause-acappella-icon-record-store-owner-producer-label-owner/> | Classic Urban Harmony — Catamount Records label history <https://classicurbanharmony.net/articles/record-labels-articles-and-discographies/catamount-records/> | Catamount discography — Discogs <https://www.discogs.com/label/128104-Catamount>"
224,Wilson El Divino,wilson-el-divino,person,Recording artist; Songwriter,Reggaeton; Latin urban; Afro-Caribbean,,,,,,"Jersey City, New Jersey",,,,,,community-verified,,,,https://jerseycitysound.com/entry-wilson-el-divino.html,"Artist biography and discography contributed to The Jersey City Sound, 2026"
225,Latee,latee,person,Rapper,Hip-Hop,,,,,,"Jersey City, New Jersey",,,Flavor Unit,,national,web-verified,,,,https://jerseycitysound.com/entry-latee.html,"Wikipedia — Flavor Unit <https://en.wikipedia.org/wiki/Flavor_Unit> | Archive research: The Jersey City Sound, 2026"
226,Mixed Company,mixed-company,group,A cappella group; Vocal group,Doo-wop; R&B; Soul,1982 – 1993,,,,,"Jersey City, New Jersey",,,Catamount Records,,,community-verified,,,,https://jerseycitysound.com/entry-mixed-company.html,"Group history and discography contributed to The Jersey City Sound, 2026 | Classic Urban Harmony — Catamount Records label history <https://classicurbanharmony.net/articles/record-labels-articles-and-discographies/catamount-records/>"
227,Skip Jackson,skip-jackson,person,Record producer; Arranger; Singer,Soul; Doo-wop; Funk; Disco,1950s – 1982,,Tommy Brown · Jersey City,,,"Jersey City, New Jersey",,,Catamount Records (with Stan Krause); The Shantons,true,,web-verified,,,,https://jerseycitysound.com/entry-skip-jackson.html,Skip Jackson — Sir Shambling's Deep Soul Heaven <https://www.sirshambling.com/artists_2012/J/skip_jackson/index.php> | Catamount Records — Classic Urban Harmony <https://classicurbanharmony.net/articles/record-labels-articles-and-discographies/catamount-records/> | Skip Jackson discography — Discogs <https://www.discogs.com/artist/301149-Skip-Jackson>
228,TGK,tgk,group,Hip-hop group,Hip-hop; Rap,1995,,,,,"Jersey City, New Jersey",,,Catamount / Trumpet Records,,,web-verified,,,,https://jerseycitysound.com/entry-tgk.html,"TGK — Avenue Ride (12″ vinyl, 1995), Discogs <https://www.discogs.com/release/5445720-TGK-Avenue-Ride> | TGK — Avenue Ride (CD single, 1995), Discogs <https://www.discogs.com/release/5831826-TGK-Avenue-Ride> | Avenue Ride — EP by TGK, Apple Music <https://music.apple.com/us/album/avenue-ride-ep/1440883075>"
230,Mr. Low Kash 'N Da Shady Bunch,mr-low-kash,group,Rap group; MC,Hip-hop; Boom bap; Rap,1990s,,,,,"Jersey City, New Jersey",,,,,,web-verified,,,,https://jerseycitysound.com/entry-mr-low-kash.html,"Mr. Low Kash 'N Da Shady Bunch — Spotify <https://open.spotify.com/artist/7dzNAkXWgQ6hcQZDAC91qK> | Forever Raw (1996 / 2022 reissue, Jersey City NJ) — Most Wanted Records <https://mostwantedrecords.bigcartel.com/product/lp-mr-low-kash-n-da-shady-bunch-forever-raw-1996-2022-reissue-jersey-city-nj> | Mr. Low Kash 'N Da Shady Bunch — Discogs <https://www.discogs.com/artist/270627-Mr-Low-Kash-N-Da-Shady-Bunch>"
231,DJ Handz,dj-handz,person,DJ; Turntablist,,,,,,,"Jersey City, New Jersey",,,,,,web-verified,,,,https://jerseycitysound.com/entry-dj-handz.html,DJ Handz — ReverbNation <https://www.reverbnation.com/djhandz> | DJ Handz — SoundCloud <https://soundcloud.com/dj-handz>
232,DJ SupermanSpin,dj-supermanspin,person,DJ,,,,,,,"Jersey City, New Jersey",,,Exit 14 DJs (co-owner),,,community-verified,,,,https://jerseycitysound.com/entry-dj-supermanspin.html,DJ SupermanSpin (@djsupermanspin) — Instagram <https://www.instagram.com/djsupermanspin/> | SupermanSpin (Joel Grizzly) — Facebook <https://www.facebook.com/SupermanSpin/> | SupermanSpin — SoundCloud <https://soundcloud.com/supermanspin>
233,Exit 14 DJs,exit-14-djs,group,DJ collective,,,,,,,"Jersey City, New Jersey",,,,,,community-verified,,,,https://jerseycitysound.com/entry-exit-14-djs.html,Exit 14 DJs (@exit_14djs) — Instagram <https://www.instagram.com/exit_14djs/> | DJ SupermanSpin (@djsupermanspin) — Instagram (Exit 14 DJs) <https://www.instagram.com/djsupermanspin/>
234,CF201 (Constant Flow),cf201,person,Rapper; MC,Hip-hop; Underground hip-hop,1993–present,,,,,"Jersey City, New Jersey",Downtown,,Viper Records; Creative Juices Music,,,web-verified,,,,https://jerseycitysound.com/entry-cf201.html,"CF (Constant Flow) — official site (About) <http://www.constantflow201.com/p/about.html> | Constant Flow — Hip Hop from Jersey City, NJ — ReverbNation <https://www.reverbnation.com/constantflow> | “Chilltown rapper Constant Flow builds on actual Pizza Warz” — Chilltown Blues <https://www.chilltownblues.com/p/chilltown-rapper-constant-flow-builds>"
235,DJ J-Money,dj-j-money,person,DJ; Producer,Jersey club,2021–present,,,,,"Jersey City, New Jersey",,,,,,community-verified,,,,https://jerseycitysound.com/entry-dj-j-money.html,DJ J-Money — Apple Music <https://music.apple.com/us/artist/dj-j-money/1548094052>
236,Get Focused Entertainment,get-focused-entertainment,person,Nightlife & events company; Party promoter,,,,,,,"Jersey City, New Jersey",,Jersey Drip · Yacht Life · Karaoke & R&B Therapy,,,,community-verified,,,,https://jerseycitysound.com/entry-get-focused-entertainment.html,Get Focused Entertainment LLC (@gfefocus) — Instagram <https://www.instagram.com/gfefocus/> | Get Focused Entertainment — Linktree <https://linktr.ee/gfefocus>
237,The Vocal-Teens,the-vocal-teens,group,Vocal group; Doo-wop group,Doo-wop; R&B,1958 – 1959,,,,,"Jersey City, New Jersey",,,,,,web-verified,,,,https://jerseycitysound.com/entry-the-vocal-teens.html,"The Vocal-Teens — Doo-Wop Groups (group history) <https://doo-wop-groups.blogspot.com/2025/02/vocal-teens.html> | Vocal-Teens — “Be A Slave” / “Till Then” (Downstairs) — auction record, popsike <https://www.popsike.com/Doo-Wop-45-VOCALTEENS-Be-A-Slave-Till-Then-on-Downstairs-VG/330851392425.html> | “Till Then” 45 label, Downstairs Records 1000 (D-102) — primary source, archived in this entry's gallery | Group photo & lineup — Rare Doo Wop Photos and Footage (community post, from the late Mike Kelly, June 2026)"
238,Double XX Posse,double-xx-posse,group,Rap group,Hip-hop; Boom bap,c. 1990 – 1995,,,,,"Jersey City, New Jersey",,,,,national,web-verified,,,,https://jerseycitysound.com/entry-double-xx-posse.html,"Double X Posse, Wikipedia <https://en.wikipedia.org/wiki/Double_X_Posse> | Executive Class / On A Mission (Mel-O, 1990), Discogs <https://www.discogs.com/release/434999-Double-XX-Posse-Executive-Class-On-A-Mission> | Dig Of The Day: Double XX Posse, Executive Class (1990), Blackout Hip Hop <https://blackouthiphop.com/blog/dig-of-the-day-double-xx-posse-executive-class-1990/> | The Totally Unofficial Rap-Dictionary, rec.music.hip-hop (Usenet), July 14, 1995 <https://groups.google.com/g/rec.music.hip-hop/c/SjWhGydwPOI> | Oral history: DJ Flash, co-producer of Executive Class, as told to The Jersey City Sound, 2026"
239,Mel Odoms,mel-odoms,person,Producer; Label founder; Songwriter,Soul; Funk; Hip-hop,c. 1981 – 1990s,Melvin Odoms,,,,"Jersey City, New Jersey",,,Mel-O Records (founder),,,web-verified,,,,https://jerseycitysound.com/entry-mel-odoms.html,"Mel Odoms, Discogs artist profile <https://www.discogs.com/artist/451111-Mel-Odoms> | Double XX Posse, Executive Class / On A Mission (Mel-O, 1990), Discogs <https://www.discogs.com/release/434999-Double-XX-Posse-Executive-Class-On-A-Mission> | Tomorrow's Edition, A Song for Everyone (Atlantic 80009-1, 1982), Soul and Funk Music <https://www.soulandfunkmusic.com/album/tomorrows_edition/a_song_for_everyone>"
240,Mel-O Records,mel-o-records,label,Record label,Hip-hop,1981 – 1990,,,,,"Jersey City, New Jersey",Bergen-Lafayette,,,,,web-verified,,,,https://jerseycitysound.com/entry-mel-o-records.html,"Mel-o Records, Discogs label page (Jersey City, NJ) <https://www.discogs.com/label/40108-Mel-o-Records> | Jersey, Things Ain't As Bad As They Seem (MLO 777, 1985), label credits and Jersey City address, Discogs <https://www.discogs.com/master/917684-Jersey-Things-Aint-As-Bad-As-They-Seem> | Double XX Posse, Executive Class / On A Mission (Mel-O 1100, 1990), Discogs <https://www.discogs.com/release/434999-Double-XX-Posse-Executive-Class-On-A-Mission> | Mel Odoms, Discogs artist profile (label founder) <https://www.discogs.com/artist/451111-Mel-Odoms> | Oral history: DJ Flash, as told to The Jersey City Sound, 2026"
241,Tomorrow's Edition,tomorrows-edition,group,Funk group; Soul group; Vocal group,Funk; Soul; R&B,c. 1981 – 1987,,,,,"Jersey City, New Jersey",,,,,,web-verified,,,,https://jerseycitysound.com/entry-tomorrows-edition.html,"Mel-o Records, Discogs label page (founded to release Tomorrow's Edition; Jersey City, NJ) <https://www.discogs.com/label/40108-Mel-o-Records> | Tomorrow's Edition, A Song for Everyone (Atlantic 80009-1, 1982), Soul and Funk Music <https://www.soulandfunkmusic.com/album/tomorrows_edition/a_song_for_everyone> | Tomorrow's Edition, A Song for Everyone, Discogs master release <https://www.discogs.com/master/492123-Tomorrows-Edition-A-Song-For-Everyone>"
242,DJ T-Fresh,dj-t-fresh,person,DJ,,,,,,,"Jersey City, New Jersey",,,Exit 14 DJs,,,community-verified,,,,https://jerseycitysound.com/entry-dj-t-fresh.html,"Exit 14 DJs crew photographs, community identification, The Jersey City Sound, 2026"
243,DJ Freeze,dj-freeze,person,DJ,,,,,,,"Jersey City, New Jersey",,,Exit 14 DJs,,,community-verified,,,,https://jerseycitysound.com/entry-dj-freeze.html,"Exit 14 DJs crew photographs, community identification, The Jersey City Sound, 2026"
245,Grand Wizard Capone,grand-wizard-capone,person,DJ,Hip-hop,late 1970s – present,,,,,"Jersey City, New Jersey",,,,,,community-verified,,,,https://jerseycitysound.com/entry-grand-wizard-capone.html,"The Showdown For All DJs flyer, Benmore Skating Rink, preserved in this archive (see Lord Sun Albee Al's gallery) | Jersey City Hip Hop Legends portrait, Tijon Maro (see DJ Flash's gallery) | Named in DJ Thurmie Thurm's documented history"
246,DJ Joe Smith,dj-joe-smith,person,DJ,Hip-hop,,,,,,"Jersey City, New Jersey",,,,,,community-verified,,,,https://jerseycitysound.com/entry-dj-joe-smith.html,"Jersey City Hip Hop Legends portrait, Tijon Maro (see DJ Flash's gallery) | Community identification, The Jersey City Sound, 2026"
247,Omar X,omar-x,person,Scene figure; Producer,Hip-hop,,,,,,"Jersey City, New Jersey",,,,,,community-verified,,,,https://jerseycitysound.com/entry-omar-x.html,"Mista Quietman, Club Traxx shout-outs (primary artifact, see his gallery) | Jersey City Hip Hop Legends portrait, Tijon Maro (see DJ Flash's gallery)"
248,Grandmaster Crash,grandmaster-crash,person,DJ,Hip-hop,,,,,,"Jersey City, New Jersey",,,,,,community-verified,,,,https://jerseycitysound.com/entry-grandmaster-crash.html,"Jersey City Hip Hop Legends portrait, Tijon Maro (see DJ Flash's gallery) | Community identification, The Jersey City Sound, 2026"
249,Killer Force,killer-force,group,Hip-hop crew,Hip-hop,c. 1980s,,,,,"Jersey City, New Jersey",,,,,,community-verified,,,,https://jerseycitysound.com/entry-killer-force.html,"The Showdown For All DJs and It's Magic contest flyers, preserved in this archive (see Lord Sun Albee Al's gallery) | Community identification, The Jersey City Sound, 2026"
250,Craiga Ski,craiga-ski,person,MC; Producer; Promoter,Hip-hop,c. early 1990s – present,,,,,"Jersey City, New Jersey",,,Maniac Mobb,true,,community-verified,,,,https://jerseycitysound.com/entry-craiga-ski.html,"Unkut: The Hitman Double J (production credit and the meeting story, told by Double J) <https://unkut.com/2006/05/the-hitman-double-j/> | Jersey City cable program tribute post (Facebook): the program's first 1992 broadcast featured Double J and Craiga Ski | Community identification, The Jersey City Sound, 2026"
251,Maniac Mobb,maniac-mobb,group,Hip-hop group,Hip-hop; Underground hip-hop,c. 1990s,,,,,"Jersey City, New Jersey",,,,,,community-verified,,,,https://jerseycitysound.com/entry-maniac-mobb.html,"Community identification, The Jersey City Sound, 2026 | Named in the legends record of the WizTV Jersey City DJ Documentary review (2006)"
252,Jarrett Cordes,jarrett-cordes,person,DJ; Producer,Hip-hop; Alternative hip-hop,1988 – 2005,,,,,"Jersey City, New Jersey",,,"PM Dawn (co-founder, 1988)",,national,web-verified,,,,https://jerseycitysound.com/entry-jarrett-cordes.html,"P.M. Dawn, Wikipedia <https://en.wikipedia.org/wiki/P.M._Dawn> | Attrell Cordes, Wikipedia (family background) <https://en.wikipedia.org/wiki/Attrell_Cordes>"
253,Rah Grizzley,rah-grizzley,person,Rapper; MC,Hip-hop; Underground hip-hop,,,"Flatbush, Brooklyn",,,"Flatbush, Brooklyn; based in Jersey City, New Jersey",,,,,,web-verified,,,,https://jerseycitysound.com/entry-rah-grizzley.html,Rah Grizz on Bandcamp (artist biography and catalog) <https://rahgrizz.bandcamp.com/>
254,Benmore Skating Rink,benmore-skating-rink,place,Skating rink; Battle venue,Hip-hop; Old school,c. 1982,,,,,"Jersey City, New Jersey",,,,,,doc-verified,,,,https://jerseycitysound.com/entry-benmore-skating-rink.html,"MoPOP Museum, Benmore presents The Turnout: Battle of '82 (flyer) <https://mopop.emuseum.com/objects/83457/rosieb--benmore-presents-the-turnout-battle-of-82-demon-c> | MoPOP Museum, Sweet, Slick and Sly Crew, Jersey City (flyer) <https://mopop.emuseum.com/objects/79166/sweet-slick-and-sly-crew-jersey-city> | Chill Town J.C. Hip-Hop Documentary Film, dir. Champagne, YouTube <https://www.youtube.com/watch?v=ppgLMMQHDu8> | The connected entries linked on this page, each with its own numbered sources"
255,Lincoln High School,lincoln-high-school,place,Public high school,Funk; Soul; Hip-hop,1964 to present,,,,,"Jersey City, New Jersey",,,,,,web-verified,"60 Crescent Avenue, Jersey City, NJ 07304",40.717363,-74.070515,https://jerseycitysound.com/entry-lincoln-high-school.html,"Wikipedia, Kool & the Gang <https://en.wikipedia.org/wiki/Kool_%26_the_Gang> | Chill Town J.C. Hip-Hop Documentary Film, dir. Champagne, YouTube <https://www.youtube.com/watch?v=ppgLMMQHDu8> | Wikipedia, Lincoln High School (New Jersey) <https://en.wikipedia.org/wiki/Lincoln_High_School_(New_Jersey)> | The connected entries linked on this page, each with its own numbered sources"
256,Henry Snyder High School,snyder-high-school,place,Public high school,Hip-hop; R&B,,,,,,"Jersey City, New Jersey",,,,,,web-verified,"239 Bergen Avenue, Jersey City, NJ 07305",40.710444,-74.083847,https://jerseycitysound.com/entry-snyder-high-school.html,"Wikipedia, Akon <https://en.wikipedia.org/wiki/Akon> | Wikipedia, Henry Snyder High School <https://en.wikipedia.org/wiki/Henry_Snyder_High_School> | The connected entries linked on this page, each with its own numbered sources"
257,Ferris High School,ferris-high-school,place,Public high school,Hip-hop; Mixtapes,,,,,,"Jersey City, New Jersey",,,,,,doc-verified,"35 Colgate Street, Jersey City, NJ 07302",40.720845,-74.053948,https://jerseycitysound.com/entry-ferris-high-school.html,"WizTV Presents: The Jersey City DJ Documentary Vol. 1 (2006), WizTV upload <https://www.youtube.com/watch?v=uyX2waMUOJQ> | Wikipedia, James J. Ferris High School <https://en.wikipedia.org/wiki/James_J._Ferris_High_School> | James J. Ferris High School, contact page (Jersey City Public Schools) <https://jfhs.jcboe.org/apps/contact/> | The connected entries linked on this page, each with its own numbered sources"
258,Dickinson High School,dickinson-high-school,place,Public high school,Hip-hop; R&B,,,,,,"Jersey City, New Jersey",,,,,,web-verified,"2 Palisade Avenue, Jersey City, NJ 07306",40.73,-74.05389,https://jerseycitysound.com/entry-dickinson-high-school.html,"Wikipedia, Akon <https://en.wikipedia.org/wiki/Akon> | Wikipedia, William L. Dickinson High School <https://en.wikipedia.org/wiki/William_L._Dickinson_High_School> | The connected entries linked on this page, each with its own numbered sources"
259,Duncan Projects,duncan-projects,place,Public housing,Hip-hop; Old school,c. 1980s,,,,,"Jersey City, New Jersey",,,,,,doc-verified,"330 Duncan Avenue, Jersey City, NJ 07306 (site of the former towers)",40.7295791,-74.0829099,https://jerseycitysound.com/entry-duncan-projects.html,"Chill Town J.C. Hip-Hop Documentary Film, dir. Champagne, YouTube <https://www.youtube.com/watch?v=ppgLMMQHDu8> | Pennrose, Gloria Robinson Court Homes III and IV (project history) <https://www.pennrose.com/portfolio/gloria-robinson-court-homes-iii-iv-1/> | HUD, HOPE VI demolition grant for A. Harry Moore Houses (June 4, 2004) <https://archives.hud.gov/local/nj/news/pr2004-06-04.cfm> | Urban Omnibus, Hard Units: a drive through Jersey City with Brian Loughlin (2014) <https://urbanomnibus.net/2014/06/hard-units-a-drive-through-jersey-city-with-brian-loughlin/> | The connected entries linked on this page, each with its own numbered sources"
260,P.S. 11,ps-11,place,Public school; Party venue,Hip-hop; Old school,c. 1980s,,,,,"Jersey City, New Jersey",,,,,,doc-verified,"886 Bergen Avenue, Jersey City, NJ 07306",40.7291875,-74.0649984,https://jerseycitysound.com/entry-ps-11.html,"Chill Town J.C. Hip-Hop Documentary Film, dir. Champagne, YouTube <https://www.youtube.com/watch?v=ppgLMMQHDu8> | Martin Luther King, Jr. School, PS #11 (Jersey City Public Schools) <https://ps11.jcboe.org/apps/pages/index.jsp?uREC_ID=1535306&type=d&pREC_ID=1666252> | The connected entries linked on this page, each with its own numbered sources"
261,Curries Woods,curries-woods,place,Public housing,Hip-hop,2010s to present,,,,,"Jersey City, New Jersey",Greenville,,,,,community-verified,"3 New Heckman Drive, Jersey City, NJ 07305",40.68903,-74.09557,https://jerseycitysound.com/entry-curries-woods.html,"Wikipedia, Curries Woods <https://en.wikipedia.org/wiki/Curries_Woods> | Urban Omnibus, Hard Units: a drive through Jersey City with Brian Loughlin (2014) <https://urbanomnibus.net/2014/06/hard-units-a-drive-through-jersey-city-with-brian-loughlin/> | ProPublica HUD property record, Curries Woods (Housing Authority City of Jersey City) <https://projects.propublica.org/hud/properties/NJ009000008> | The connected entries linked on this page, each with its own numbered sources"
262,Kool & the Gang Way,kool-and-the-gang-way,place,Street; Honorary street name,Funk; Soul,2016 to present,,,,,"Jersey City, New Jersey",,,,,,web-verified,"Maple Street between Pacific Avenue and Whiton Street, Jersey City, NJ 07304",40.7129,-74.0599,https://jerseycitysound.com/entry-kool-and-the-gang-way.html,"Wikipedia, Kool & the Gang <https://en.wikipedia.org/wiki/Kool_%26_the_Gang> | Wikipedia, Robert ""Kool"" Bell <https://en.wikipedia.org/wiki/Robert_%22Kool%22_Bell> | NJArts, Jersey City street to be renamed Kool & the Gang Way (April 28, 2016) <https://www.njarts.net/jersey-city-street-to-be-renamed-kool-the-gang-way/> | Hudson County View, Jersey City street gets named after Kool & the Gang (April 29, 2016) <https://hudsoncountyview.com/not-too-kool-for-jersey-city-street-gets-named-after-kool-the-gang/> | Hoboken Girl, Kool & the Gang: the Jersey City band's history <https://www.hobokengirl.com/kool-and-the-gang-jersey-city-band-history/> | The connected entries linked on this page, each with its own numbered sources"
